apartment_id,date,total_unique_visitors,unknown_visitor_count,avg_visit_duration_min,max_visit_duration_min,luggage_event_count,luggage_visitor_ratio,peak_hour_event_ratio,night_entry_count,entries_per_day,visitor_turnover_rate,max_concurrent_visitors,label,profile
A101,2025-05-01,2,1,22.66,46.66,0,0.0,0.2517,1,2.2246,0.7865,1,0,normal
A102,2025-05-01,2,0,21.09,36.99,1,0.2645,0.5208,0,2.4759,0.0,2,0,normal
A103,2025-05-01,5,2,14.2,23.9,0,0.0911,0.6471,0,5.5718,0.0,2,0,normal
A104,2025-05-01,3,0,16.45,37.94,1,0.3904,0.5839,0,2.3773,0.0085,3,0,normal
A105,2025-05-01,7,5,16.25,50.31,7,1.0,0.636,3,8.3224,0.8849,5,1,airbnb
A201,2025-05-01,1,0,58.15,90.54,0,0.0999,0.2122,0,0.8278,0.183,2,0,normal
A202,2025-05-01,4,2,50.83,75.37,1,0.2662,0.3874,0,5.0253,0.0585,1,0,normal
A203,2025-05-01,6,6,20.12,49.52,5,0.8816,1.0,2,6.349,0.8657,2,1,airbnb
A204,2025-05-01,1,0,63.33,72.67,0,0.057,0.6422,0,1.306,0.2095,2,0,normal
A205,2025-05-01,1,1,31.06,63.14,0,0.3985,0.254,0,0.9408,0.9055,1,1,suspect
A301,2025-05-01,1,0,8.81,41.89,0,0.3194,0.0773,0,1.0502,0.3102,1,0,normal
A302,2025-05-01,2,1,76.51,100.46,0,0.2171,0.1573,0,2.3429,0.0206,2,0,normal
A303,2025-05-01,10,9,10.91,16.18,4,0.4174,0.9644,2,11.2881,0.673,1,1,airbnb
A304,2025-05-01,1,0,29.29,50.92,0,0.0635,0.4721,0,0.9761,0.431,3,0,normal
A305,2025-05-01,3,3,36.22,50.92,2,0.5826,0.3101,1,2.9183,0.6294,3,1,suspect
A401,2025-05-01,3,0,10.09,54.56,1,0.2428,0.7598,0,3.0701,0.1406,2,0,normal
A402,2025-05-01,8,2,79.17,120.22,0,0.0,0.5876,0,8.4587,0.4904,1,0,normal
A403,2025-05-01,10,9,20.22,46.73,8,0.7604,0.6873,0,10.1488,0.497,4,1,airbnb
A404,2025-05-01,2,1,25.51,63.33,1,0.5953,0.2424,0,2.3752,0.0,3,0,normal
A405,2025-05-01,13,12,26.0,46.06,8,0.6253,1.0,1,11.8172,0.6774,2,1,airbnb
A501,2025-05-01,4,1,26.41,62.83,3,0.7279,0.6461,0,3.4452,0.6678,2,1,suspect
A502,2025-05-01,3,2,22.33,41.27,0,0.0185,0.3119,1,3.1451,0.1457,1,0,normal
A503,2025-05-01,5,3,28.89,58.5,3,0.5039,0.3386,0,5.4544,0.7456,3,1,suspect
A504,2025-05-01,4,0,13.49,45.61,1,0.2811,0.1782,1,3.5248,0.0,3,0,normal
A505,2025-05-01,5,3,17.61,54.77,4,0.7267,0.5749,8,6.0489,0.6424,1,1,airbnb
A601,2025-05-01,2,1,40.08,73.39,0,0.0,0.2979,0,2.3395,0.0499,2,0,normal
A602,2025-05-01,1,1,24.19,43.9,0,0.0,0.1595,2,1.013,0.084,3,0,normal
A603,2025-05-01,2,1,38.81,45.38,1,0.461,0.4479,0,2.1183,0.6103,1,0,normal
A604,2025-05-01,1,0,57.77,63.42,0,0.3123,0.0415,0,1.0826,0.5327,1,0,normal
A605,2025-05-01,3,0,75.14,81.01,1,0.3064,0.0,0,3.4846,0.3993,1,0,normal
A101,2025-05-02,4,1,45.84,52.56,1,0.1748,0.4167,0,3.9226,0.2474,1,0,normal
A102,2025-05-02,5,0,37.9,77.78,1,0.1038,0.0571,0,6.0258,0.2591,2,0,normal
A103,2025-05-02,4,1,41.76,69.33,0,0.1091,0.2721,1,3.8859,0.3586,1,0,normal
A104,2025-05-02,2,1,28.2,61.64,1,0.4947,0.1648,0,2.166,0.5165,1,0,normal
A105,2025-05-02,8,4,25.3,38.55,5,0.6051,0.4805,1,9.094,0.7896,2,1,airbnb
A201,2025-05-02,4,0,58.18,86.19,0,0.1133,0.317,0,4.153,0.039,2,0,normal
A202,2025-05-02,3,2,61.98,73.34,1,0.2058,0.264,0,2.7251,0.2449,1,0,normal
A203,2025-05-02,17,15,15.09,23.25,7,0.4012,0.583,10,19.8528,0.8916,8,1,airbnb
A204,2025-05-02,5,3,5.99,37.05,1,0.1546,0.6221,0,6.0794,0.1475,1,0,normal
A205,2025-05-02,7,3,32.78,57.06,4,0.5391,0.5247,1,8.5706,0.3439,2,1,suspect
A301,2025-05-02,1,0,17.26,23.78,0,0.3782,0.7051,0,0.9814,0.202,2,0,normal
A302,2025-05-02,2,1,37.89,54.17,1,0.421,0.4284,0,2.5815,0.0435,3,0,normal
A303,2025-05-02,6,5,27.99,42.73,3,0.4372,0.6916,1,7.8487,0.945,4,1,airbnb
A304,2025-05-02,2,0,27.36,45.11,0,0.2167,0.2683,0,3.0427,0.4498,1,0,normal
A305,2025-05-02,5,2,40.26,48.32,0,0.0401,0.5019,1,5.4595,0.6847,2,1,suspect
A401,2025-05-02,6,3,27.69,41.93,3,0.5556,0.2011,1,6.38,0.3425,1,0,normal
A402,2025-05-02,1,0,44.64,85.0,0,0.1984,0.4808,0,1.1125,0.2561,3,0,normal
A403,2025-05-02,17,14,20.39,41.27,13,0.7825,0.0274,1,19.1542,0.4826,4,1,airbnb
A404,2025-05-02,1,0,37.71,51.8,0,0.0,0.0,0,1.4816,0.0,3,0,normal
A405,2025-05-02,6,5,8.46,27.97,4,0.6119,0.5168,2,5.294,0.5698,2,1,airbnb
A501,2025-05-02,12,5,26.34,39.81,2,0.1453,0.677,0,12.8976,0.686,2,1,suspect
A502,2025-05-02,1,0,51.44,86.42,0,0.0,0.1753,0,0.8535,0.19,1,0,normal
A503,2025-05-02,2,2,30.31,61.88,0,0.1884,0.5319,0,2.4977,0.7936,2,1,suspect
A504,2025-05-02,4,1,65.1,85.79,0,0.0812,0.3974,0,4.1339,0.0,3,0,normal
A505,2025-05-02,12,5,6.2,26.64,12,1.0,0.5798,0,10.617,0.739,2,1,airbnb
A601,2025-05-02,1,0,6.35,37.47,0,0.2965,0.476,2,1.0117,0.0,3,0,normal
A602,2025-05-02,3,1,33.96,72.52,0,0.0667,0.5244,0,3.243,0.2308,1,0,normal
A603,2025-05-02,2,1,35.86,57.85,0,0.1326,0.1983,1,2.0647,0.2018,3,0,normal
A604,2025-05-02,2,0,7.8,38.88,1,0.3272,0.0596,1,2.5114,0.1686,3,0,normal
A605,2025-05-02,1,0,33.02,58.21,0,0.1649,0.1968,0,1.1367,0.2407,3,0,normal
A101,2025-05-03,3,2,15.27,53.9,1,0.255,0.9564,0,3.1157,0.4678,1,0,normal
A102,2025-05-03,2,2,23.23,51.23,1,0.2563,0.2453,0,2.0168,0.0,1,0,normal
A103,2025-05-03,2,1,33.58,51.35,0,0.0,0.3998,0,2.2312,0.0,3,0,normal
A104,2025-05-03,6,4,42.57,80.06,1,0.1732,0.2199,0,5.357,0.4141,1,0,normal
A105,2025-05-03,13,11,14.97,27.22,11,0.8436,0.3077,2,12.9869,0.8283,1,1,airbnb
A201,2025-05-03,2,0,69.82,82.38,1,0.3027,0.0,1,2.5259,0.1287,2,0,normal
A202,2025-05-03,2,0,36.76,72.03,1,0.4463,0.1037,0,2.6927,0.0,2,0,normal
A203,2025-05-03,9,7,27.47,59.57,8,0.9131,0.5942,1,9.3686,0.9999,3,1,airbnb
A204,2025-05-03,4,1,19.37,58.84,0,0.0,0.1831,0,4.2004,0.2595,3,0,normal
A205,2025-05-03,2,1,27.59,55.98,1,0.6154,1.0,1,1.4037,0.4199,2,1,suspect
A301,2025-05-03,3,1,48.67,69.81,0,0.0383,0.2583,1,2.9551,0.0876,2,0,normal
A302,2025-05-03,2,0,51.99,78.68,1,0.339,0.3549,0,2.4086,0.1576,1,0,normal
A303,2025-05-03,13,10,21.3,38.73,10,0.7575,0.6474,0,12.2887,0.7509,2,1,airbnb
A304,2025-05-03,2,1,23.08,52.83,0,0.2006,0.2721,0,2.7285,0.0916,1,0,normal
A305,2025-05-03,3,1,31.93,45.29,1,0.2285,0.6531,1,3.8339,0.6434,1,1,suspect
A401,2025-05-03,1,0,29.55,64.41,0,0.2828,0.5661,0,0.8045,0.3175,2,0,normal
A402,2025-05-03,2,0,37.95,57.73,0,0.0109,0.198,1,2.1943,0.2266,3,0,normal
A403,2025-05-03,12,9,19.78,34.27,1,0.1031,0.6595,0,13.6641,0.7477,2,1,airbnb
A404,2025-05-03,1,0,10.72,29.17,0,0.2285,0.0136,1,1.2051,0.1732,2,0,normal
A405,2025-05-03,8,8,19.57,35.6,0,0.0,0.5921,0,8.8695,0.6628,3,1,airbnb
A501,2025-05-03,5,3,11.86,55.07,3,0.5008,0.8382,0,4.6669,0.4775,1,1,suspect
A502,2025-05-03,3,1,14.74,28.94,1,0.3266,0.0919,0,4.366,0.1187,2,0,normal
A503,2025-05-03,2,0,29.3,40.5,0,0.1922,0.876,1,1.7006,0.7677,1,1,suspect
A504,2025-05-03,4,0,13.82,42.98,1,0.1289,0.536,0,4.5594,0.2369,2,0,normal
A505,2025-05-03,9,7,13.81,38.25,3,0.2902,0.6907,3,9.862,0.6253,2,1,airbnb
A601,2025-05-03,5,3,34.25,75.81,0,0.0,0.2165,0,4.9281,0.2529,2,0,normal
A602,2025-05-03,1,0,16.14,44.46,0,0.4733,0.441,1,1.0148,0.0,2,0,normal
A603,2025-05-03,4,1,29.37,71.62,1,0.2262,0.1602,2,3.4053,0.374,1,0,normal
A604,2025-05-03,5,2,25.31,69.64,0,0.0,0.1719,1,3.9432,0.088,1,0,normal
A605,2025-05-03,1,0,59.14,72.24,0,0.4947,0.2751,0,1.6976,0.0,2,0,normal
A101,2025-05-04,1,0,32.83,69.49,0,0.1513,0.3289,0,1.4407,0.155,1,0,normal
A102,2025-05-04,4,2,29.14,67.85,2,0.4046,0.4515,1,4.2054,0.1221,2,0,normal
A103,2025-05-04,2,2,13.64,38.61,0,0.1211,0.2752,0,2.2175,0.1097,2,0,normal
A104,2025-05-04,4,1,56.09,84.43,0,0.0908,0.1532,2,4.4557,0.0273,2,0,normal
A105,2025-05-04,13,12,12.52,39.71,10,0.8063,0.7468,1,14.6714,0.7016,3,1,airbnb
A201,2025-05-04,1,0,16.97,54.69,0,0.4999,0.3457,0,1.0896,0.2251,1,0,normal
A202,2025-05-04,3,1,26.46,66.34,0,0.0,0.2695,0,3.1755,0.0,1,0,normal
A203,2025-05-04,6,5,42.17,70.56,4,0.7376,0.6122,1,6.988,0.7227,5,1,airbnb
A204,2025-05-04,2,0,12.08,28.42,0,0.1605,0.2466,0,2.7319,0.2794,1,0,normal
A205,2025-05-04,2,1,41.7,79.57,1,0.2637,0.6159,1,1.924,0.3759,3,1,suspect
A301,2025-05-04,5,2,18.11,25.66,0,0.0867,0.2133,1,4.2037,0.2932,3,0,normal
A302,2025-05-04,1,0,62.03,96.79,0,0.1209,0.6049,0,0.7479,0.0468,1,0,normal
A303,2025-05-04,8,8,26.0,61.35,8,1.0,0.6253,0,10.038,0.7016,3,1,airbnb
A304,2025-05-04,2,1,56.79,68.62,0,0.1305,0.4993,0,2.534,0.122,1,0,normal
A305,2025-05-04,4,2,29.62,58.74,1,0.3521,0.7555,1,3.9796,0.6262,1,1,suspect
A401,2025-05-04,4,1,52.54,67.82,1,0.1883,0.711,1,4.2529,0.0016,1,0,normal
A402,2025-05-04,4,1,49.6,69.17,0,0.0867,0.4509,2,5.5415,0.1314,1,0,normal
A403,2025-05-04,17,11,26.0,46.22,9,0.5367,0.4256,3,20.0072,1.0,3,1,airbnb
A404,2025-05-04,1,0,11.74,24.48,0,0.1755,0.3004,0,1.4005,0.166,1,0,normal
A405,2025-05-04,5,4,19.48,34.78,2,0.4599,0.8944,1,5.9199,0.6488,4,1,airbnb
A501,2025-05-04,4,2,28.33,41.62,2,0.4194,0.4379,0,4.778,0.7521,1,1,suspect
A502,2025-05-04,1,0,40.3,59.46,0,0.1976,0.0547,0,0.7625,0.3043,1,0,normal
A503,2025-05-04,6,6,37.31,80.92,3,0.5219,0.1368,3,6.6595,0.5293,1,1,suspect
A504,2025-05-04,2,1,58.22,87.43,0,0.1496,0.2237,0,2.1294,0.4293,2,0,normal
A505,2025-05-04,14,10,18.68,42.22,10,0.6799,0.8238,0,12.8747,0.6042,2,1,airbnb
A601,2025-05-04,2,1,40.13,63.96,1,0.3337,0.0327,0,2.2563,0.2758,2,0,normal
A602,2025-05-04,5,0,20.77,29.01,2,0.4657,0.5546,0,5.2986,0.0,1,0,normal
A603,2025-05-04,1,0,73.13,85.5,0,0.055,0.1649,0,0.5,0.6308,3,0,normal
A604,2025-05-04,4,2,55.72,99.13,1,0.2774,0.3256,0,4.9398,0.2201,1,0,normal
A605,2025-05-04,4,1,17.92,33.9,0,0.0836,0.1466,0,4.5271,0.3231,2,0,normal
A101,2025-05-05,2,1,51.34,59.67,1,0.3918,0.7445,1,2.6732,0.3353,1,0,normal
A102,2025-05-05,2,1,47.06,70.99,1,0.3976,0.2374,0,2.7219,0.084,3,0,normal
A103,2025-05-05,6,1,45.27,51.81,0,0.024,0.3298,0,6.4736,0.0287,1,0,normal
A104,2025-05-05,3,0,36.79,61.99,0,0.1613,0.4458,0,3.6115,0.2144,2,0,normal
A105,2025-05-05,7,3,22.25,29.44,2,0.3515,1.0,1,9.0194,0.6399,5,1,airbnb
A201,2025-05-05,2,1,61.53,66.9,0,0.0464,0.319,1,2.7895,0.2462,1,0,normal
A202,2025-05-05,3,1,18.6,48.9,1,0.406,0.3378,0,2.8025,0.1932,2,0,normal
A203,2025-05-05,14,13,10.44,52.07,9,0.6723,0.9405,0,13.3835,0.4881,2,1,airbnb
A204,2025-05-05,2,0,18.47,60.14,0,0.0548,0.4204,0,2.2262,0.0242,1,0,normal
A205,2025-05-05,3,3,19.14,33.4,2,0.5596,0.729,0,3.3195,0.4806,1,1,suspect
A301,2025-05-05,3,0,16.4,29.02,0,0.1443,0.473,0,3.233,0.3928,1,0,normal
A302,2025-05-05,4,1,26.8,33.45,1,0.1762,0.3935,0,2.299,0.1459,3,0,normal
A303,2025-05-05,7,4,12.02,18.71,5,0.6949,0.0,2,8.3486,0.5843,6,1,airbnb
A304,2025-05-05,2,1,63.1,81.81,0,0.0,0.8063,0,2.6463,0.0,3,0,normal
A305,2025-05-05,6,0,28.39,47.1,5,0.8778,0.6631,0,5.0906,0.3833,3,1,suspect
A401,2025-05-05,4,0,20.27,39.19,1,0.1397,0.3093,0,5.1946,0.333,1,0,normal
A402,2025-05-05,3,1,30.42,65.97,0,0.0,0.4214,0,3.093,0.1924,1,0,normal
A403,2025-05-05,12,12,5.59,48.2,8,0.6333,0.7837,0,13.8106,0.4596,2,1,airbnb
A404,2025-05-05,1,0,49.47,80.02,1,0.8737,0.3441,1,0.7898,0.1263,2,0,normal
A405,2025-05-05,9,9,16.63,49.85,5,0.5153,0.6828,5,11.1667,0.7338,4,1,airbnb
A501,2025-05-05,2,1,21.21,62.73,2,0.8883,0.1809,0,1.3803,0.8077,1,1,suspect
A502,2025-05-05,2,0,35.8,46.5,0,0.2388,0.5271,0,1.7777,0.2747,1,0,normal
A503,2025-05-05,2,1,38.42,66.83,1,0.4783,0.2957,2,2.3908,0.5808,3,1,suspect
A504,2025-05-05,2,0,54.55,63.42,1,0.3568,0.674,0,1.8192,0.1854,2,0,normal
A505,2025-05-05,1,1,21.59,65.91,1,0.5601,0.5084,3,1.3349,1.0,1,1,airbnb
A601,2025-05-05,3,1,44.57,70.72,0,0.0674,0.2613,1,3.1313,0.3387,2,0,normal
A602,2025-05-05,3,0,34.88,49.64,0,0.0813,0.7161,0,0.7414,0.4563,1,0,normal
A603,2025-05-05,3,0,23.97,39.94,1,0.2492,0.0,0,3.3799,0.1806,2,0,normal
A604,2025-05-05,1,0,26.69,33.68,0,0.1696,0.2285,0,1.1915,0.2089,1,0,normal
A605,2025-05-05,1,0,57.51,68.79,0,0.1164,0.106,0,1.0996,0.0441,2,0,normal
A101,2025-05-06,5,1,31.32,51.6,1,0.2656,0.3907,0,5.5874,0.0605,1,0,normal
A102,2025-05-06,1,0,15.63,57.57,0,0.069,0.2314,1,1.3287,0.1993,1,0,normal
A103,2025-05-06,5,0,17.62,44.32,1,0.1016,0.2541,0,5.3095,0.0702,2,0,normal
A104,2025-05-06,3,1,27.97,34.42,0,0.0866,0.3403,0,3.5592,0.1798,1,0,normal
A105,2025-05-06,7,6,10.96,53.35,5,0.7182,0.5396,1,5.7778,0.719,2,1,airbnb
A201,2025-05-06,4,2,2.0,31.98,2,0.3921,0.2398,1,4.1465,0.1932,2,0,normal
A202,2025-05-06,1,0,60.81,103.59,0,0.0,0.5763,2,1.2811,0.2518,1,0,normal
A203,2025-05-06,5,1,18.14,50.19,2,0.3144,1.0,1,5.8044,0.9549,1,1,airbnb
A204,2025-05-06,3,1,23.36,45.51,2,0.6206,0.8192,0,3.1469,0.1641,2,0,normal
A205,2025-05-06,6,0,5.64,40.13,0,0.0,0.5089,2,6.0777,0.1919,1,1,suspect
A301,2025-05-06,3,1,45.23,77.38,0,0.0,0.2731,0,3.18,0.0,1,0,normal
A302,2025-05-06,2,0,41.44,85.87,0,0.07,0.3237,0,1.9862,0.0,1,0,normal
A303,2025-05-06,5,5,27.77,54.4,4,0.8305,0.8236,5,5.7382,0.468,2,1,airbnb
A304,2025-05-06,4,2,55.18,77.65,2,0.5246,0.7539,0,5.1057,0.0,1,0,normal
A305,2025-05-06,5,2,37.3,63.56,1,0.2115,0.8215,1,4.6423,0.2513,1,1,suspect
A401,2025-05-06,1,0,20.27,42.86,0,0.0175,0.0,0,1.5151,0.0,1,0,normal
A402,2025-05-06,1,1,46.62,91.11,0,0.0,0.1,1,1.8741,0.295,1,0,normal
A403,2025-05-06,8,5,4.15,33.75,7,0.8628,0.667,3,8.4341,0.9161,2,1,airbnb
A404,2025-05-06,3,1,2.0,12.24,1,0.4474,0.4206,1,2.7824,0.1423,1,0,normal
A405,2025-05-06,7,5,22.01,44.78,5,0.6946,0.6948,5,7.8978,0.9123,2,1,airbnb
A501,2025-05-06,4,4,21.41,41.05,1,0.3254,0.2708,0,4.6749,1.0,3,1,suspect
A502,2025-05-06,5,0,10.32,50.23,3,0.5423,0.233,0,4.6563,0.0563,2,0,normal
A503,2025-05-06,6,2,29.01,40.29,4,0.5879,0.9705,0,6.4397,1.0,2,1,suspect
A504,2025-05-06,3,0,35.31,41.67,0,0.0273,0.4974,0,3.4565,0.1061,2,0,normal
A505,2025-05-06,12,11,18.35,28.85,7,0.5548,1.0,0,12.7438,0.8682,2,1,airbnb
A601,2025-05-06,3,0,62.8,77.07,0,0.0414,0.408,1,1.1493,0.4454,2,0,normal
A602,2025-05-06,4,3,61.79,94.19,0,0.0,0.5077,0,4.143,0.6309,1,0,normal
A603,2025-05-06,3,1,6.0,32.08,0,0.1264,0.632,0,3.76,0.0407,1,0,normal
A604,2025-05-06,6,0,48.25,70.97,3,0.4288,0.1023,0,6.7411,0.6618,2,0,normal
A605,2025-05-06,1,0,10.44,21.22,0,0.4113,0.3147,0,0.8283,0.152,2,0,normal
A101,2025-05-07,1,1,17.64,38.36,0,0.1491,0.0355,3,0.9423,0.3325,1,0,normal
A102,2025-05-07,1,0,90.87,128.94,0,0.2557,0.0604,0,0.7762,0.1595,2,0,normal
A103,2025-05-07,2,0,57.0,94.32,0,0.2228,0.3911,0,2.9449,0.1809,1,0,normal
A104,2025-05-07,4,1,30.11,66.4,2,0.4395,0.9064,0,4.3381,0.2159,1,0,normal
A105,2025-05-07,7,7,11.38,50.63,4,0.5881,0.5967,1,7.7383,1.0,2,1,airbnb
A201,2025-05-07,6,1,17.92,45.12,1,0.1709,0.5665,1,6.4925,0.5102,1,0,normal
A202,2025-05-07,3,0,33.79,67.4,0,0.0,0.5894,1,2.5545,0.2393,3,0,normal
A203,2025-05-07,4,4,11.09,29.78,3,0.6921,1.0,3,4.1328,1.0,2,1,airbnb
A204,2025-05-07,1,0,47.09,91.2,0,0.1167,0.3753,0,1.1973,0.0417,3,0,normal
A205,2025-05-07,5,3,21.06,59.99,3,0.5769,0.9303,1,5.7318,0.6161,2,1,suspect
A301,2025-05-07,4,0,6.97,43.28,2,0.3809,0.6147,0,4.746,0.0,1,0,normal
A302,2025-05-07,3,1,31.61,46.44,0,0.0683,0.6473,0,3.7495,0.3164,2,0,normal
A303,2025-05-07,10,4,6.57,39.34,7,0.7076,0.4548,2,11.8749,0.5013,3,1,airbnb
A304,2025-05-07,3,1,27.09,64.3,1,0.2246,0.0,0,3.2651,0.2235,3,0,normal
A305,2025-05-07,4,2,31.93,76.35,2,0.5713,0.5387,2,5.8366,0.1025,1,1,suspect
A401,2025-05-07,4,1,28.06,54.71,1,0.2175,0.0586,0,5.533,0.1685,2,0,normal
A402,2025-05-07,2,1,34.0,47.35,1,0.2742,0.0715,0,1.9333,0.0,2,0,normal
A403,2025-05-07,10,7,11.33,53.07,7,0.6604,0.7593,3,12.6187,0.8952,3,1,airbnb
A404,2025-05-07,2,0,14.48,20.58,0,0.1732,0.1832,0,2.2476,0.0,2,0,normal
A405,2025-05-07,11,8,15.15,49.53,6,0.5727,0.6938,6,13.6016,0.5862,5,1,airbnb
A501,2025-05-07,1,1,23.67,66.65,0,0.3175,0.581,1,1.1791,0.7633,3,1,suspect
A502,2025-05-07,2,1,39.02,46.13,0,0.0,0.7015,0,1.9188,0.5149,1,0,normal
A503,2025-05-07,5,3,28.81,64.22,1,0.1875,0.3041,1,5.9667,0.3593,2,1,suspect
A504,2025-05-07,4,0,37.46,77.21,1,0.2638,0.5089,0,5.1504,0.1925,1,0,normal
A505,2025-05-07,4,2,7.55,13.47,3,0.6755,0.5541,0,4.3782,0.9138,2,1,airbnb
A601,2025-05-07,2,1,18.34,40.72,1,0.4486,0.3112,1,2.0803,0.5083,3,0,normal
A602,2025-05-07,1,0,55.28,82.77,0,0.2873,0.584,2,0.9713,0.3233,2,0,normal
A603,2025-05-07,1,0,37.48,57.84,0,0.0,0.3138,0,1.0201,0.3466,1,0,normal
A604,2025-05-07,4,0,9.77,20.39,1,0.1624,0.342,0,4.5711,0.4259,3,0,normal
A605,2025-05-07,1,0,38.15,69.39,0,0.2828,0.1869,0,0.8146,0.4126,1,0,normal
A101,2025-05-08,2,0,55.81,63.95,0,0.0,0.711,2,1.9123,0.0371,1,0,normal
A102,2025-05-08,2,1,15.03,33.14,0,0.1753,0.4728,3,1.8726,0.1814,1,0,normal
A103,2025-05-08,1,1,42.3,50.79,0,0.1043,0.5983,1,1.8787,0.1962,3,0,normal
A104,2025-05-08,1,0,42.33,50.86,0,0.0,0.2345,1,0.7565,0.3001,2,0,normal
A105,2025-05-08,8,3,11.71,26.75,6,0.6967,0.7618,2,9.0447,0.7765,5,1,airbnb
A201,2025-05-08,4,2,71.22,111.24,1,0.1986,0.1947,0,5.0544,0.3706,2,0,normal
A202,2025-05-08,3,1,30.34,73.14,1,0.1747,0.2658,0,3.8617,0.1642,1,0,normal
A203,2025-05-08,15,5,8.42,40.75,8,0.5028,0.8564,3,17.8366,0.7741,3,1,airbnb
A204,2025-05-08,2,0,36.08,50.39,0,0.2013,0.4192,0,2.1955,0.6075,1,0,normal
A205,2025-05-08,4,3,12.86,38.55,1,0.3638,0.3289,2,3.6976,0.5262,1,1,suspect
A301,2025-05-08,1,0,19.79,30.56,0,0.0712,0.3379,0,1.2488,0.0,1,0,normal
A302,2025-05-08,3,2,34.87,67.01,0,0.1355,0.0943,0,3.5874,0.1609,1,0,normal
A303,2025-05-08,6,6,10.8,28.2,6,0.9592,0.6634,2,7.2779,0.9489,3,1,airbnb
A304,2025-05-08,1,0,36.58,55.18,0,0.088,0.0289,1,0.579,0.272,2,0,normal
A305,2025-05-08,3,1,35.69,72.87,2,0.528,0.2863,0,4.2398,1.0,1,1,suspect
A401,2025-05-08,1,1,34.0,59.57,0,0.145,0.1464,0,1.4598,0.1977,2,0,normal
A402,2025-05-08,1,0,12.98,50.81,0,0.0015,0.9375,0,1.1632,0.1955,2,0,normal
A403,2025-05-08,4,3,4.13,42.74,2,0.5977,0.251,0,4.5723,0.9128,6,1,airbnb
A404,2025-05-08,2,1,56.53,68.31,0,0.2096,0.4207,0,2.2075,0.372,1,0,normal
A405,2025-05-08,9,6,14.77,54.17,5,0.5469,0.3498,2,10.1548,0.7323,4,1,airbnb
A501,2025-05-08,6,3,35.79,69.35,1,0.2337,0.4157,2,6.7477,0.6641,1,1,suspect
A502,2025-05-08,1,0,41.08,58.34,0,0.0656,0.436,0,1.0372,0.2368,3,0,normal
A503,2025-05-08,3,2,29.62,65.12,0,0.0936,0.5109,3,2.8833,0.702,2,1,suspect
A504,2025-05-08,1,0,25.81,65.07,0,0.1399,0.3559,0,1.3776,0.5693,1,0,normal
A505,2025-05-08,8,7,45.25,64.55,6,0.7344,0.7445,1,8.9941,0.7492,2,1,airbnb
A601,2025-05-08,2,1,66.43,109.61,1,0.2991,0.0885,1,2.7914,0.0,1,0,normal
A602,2025-05-08,5,1,44.18,51.26,1,0.1758,0.6633,0,4.7222,0.2793,2,0,normal
A603,2025-05-08,3,0,33.9,77.17,1,0.3115,0.2162,0,2.15,0.0623,1,0,normal
A604,2025-05-08,4,0,40.7,73.27,1,0.2698,0.1108,0,4.8929,0.348,2,0,normal
A605,2025-05-08,1,0,24.56,32.48,0,0.2466,0.647,0,1.272,0.0,3,0,normal
A101,2025-05-09,4,3,19.44,37.23,2,0.5326,0.5779,0,4.0767,0.1522,1,0,normal
A102,2025-05-09,1,0,19.42,51.12,0,0.0422,0.0809,0,1.2722,0.1513,3,0,normal
A103,2025-05-09,4,1,41.2,57.63,0,0.0,0.2367,0,3.9853,0.0903,3,0,normal
A104,2025-05-09,1,1,29.47,61.18,0,0.1274,0.9926,1,1.7128,0.2523,1,0,normal
A105,2025-05-09,5,4,6.52,33.62,4,0.7965,0.4684,1,5.4234,1.0,4,1,airbnb
A201,2025-05-09,2,1,50.04,90.94,0,0.2303,0.2222,0,2.1436,0.1952,2,0,normal
A202,2025-05-09,4,0,61.86,68.27,1,0.2133,1.0,0,4.3314,0.7931,2,0,normal
A203,2025-05-09,7,6,12.14,32.68,4,0.5049,0.41,3,7.2701,1.0,3,1,airbnb
A204,2025-05-09,3,0,46.53,71.85,1,0.2105,0.486,0,3.8497,0.0083,1,0,normal
A205,2025-05-09,5,1,32.63,76.03,2,0.4133,0.6866,0,6.1271,0.5359,1,1,suspect
A301,2025-05-09,4,1,42.94,56.27,2,0.4318,0.483,1,5.1823,0.0126,2,0,normal
A302,2025-05-09,3,2,45.98,54.91,0,0.0547,0.5756,2,1.5263,0.1792,2,0,normal
A303,2025-05-09,14,4,26.35,58.41,14,0.9655,0.8399,1,14.3045,1.0,2,1,airbnb
A304,2025-05-09,3,1,38.52,68.83,1,0.3069,0.1244,0,3.3208,0.1307,1,0,normal
A305,2025-05-09,7,3,36.9,48.31,0,0.066,0.3537,3,8.6877,0.8721,2,1,suspect
A401,2025-05-09,2,1,61.8,73.68,1,0.2905,0.5742,1,1.9827,0.062,1,0,normal
A402,2025-05-09,5,3,29.57,53.36,0,0.0,0.6495,1,6.3735,0.3187,1,0,normal
A403,2025-05-09,5,2,3.67,10.66,3,0.6283,1.0,2,5.9984,0.933,4,1,airbnb
A404,2025-05-09,3,1,30.48,46.27,1,0.2282,0.3404,0,3.3743,0.1785,2,0,normal
A405,2025-05-09,10,7,13.7,29.8,7,0.6533,0.8421,3,12.6979,0.7451,5,1,airbnb
A501,2025-05-09,1,0,51.05,83.52,0,0.2392,0.4462,1,0.9281,0.7363,4,1,suspect
A502,2025-05-09,2,0,17.6,60.31,1,0.292,0.3062,1,2.0785,0.388,1,0,normal
A503,2025-05-09,5,3,22.52,66.04,1,0.2297,0.5127,1,4.7089,0.9828,1,1,suspect
A504,2025-05-09,2,1,17.09,40.95,0,0.0895,0.2259,2,2.3741,0.0,1,0,normal
A505,2025-05-09,6,5,52.43,92.52,6,0.9181,0.6564,6,6.2517,0.5396,1,1,airbnb
A601,2025-05-09,3,1,51.37,63.88,1,0.2432,0.5883,0,2.0576,0.1044,3,0,normal
A602,2025-05-09,5,0,20.27,38.02,1,0.187,0.2952,0,4.528,0.4066,1,0,normal
A603,2025-05-09,5,1,17.05,47.45,0,0.0,0.4888,0,6.0218,0.2494,2,0,normal
A604,2025-05-09,2,1,29.94,60.46,0,0.0693,0.0727,1,2.1021,0.2844,1,0,normal
A605,2025-05-09,4,0,65.82,109.78,1,0.1598,0.8463,0,4.9041,0.5697,1,0,normal
A101,2025-05-10,3,1,45.91,67.28,0,0.0,0.2072,2,3.2698,0.0,3,0,normal
A102,2025-05-10,1,0,34.69,63.48,0,0.1161,0.0485,0,1.1724,0.2543,1,0,normal
A103,2025-05-10,2,1,37.55,65.42,0,0.1852,0.2374,1,2.4287,0.3906,5,0,normal
A104,2025-05-10,2,1,29.06,66.05,0,0.1224,0.1596,0,2.0869,0.228,3,0,normal
A105,2025-05-10,12,9,14.9,46.79,7,0.6245,0.5992,0,15.4906,0.7169,4,1,airbnb
A201,2025-05-10,3,2,14.2,47.65,0,0.0,0.2108,1,2.8649,0.2869,1,0,normal
A202,2025-05-10,3,1,52.86,65.86,0,0.1425,0.3048,1,4.0501,0.0675,1,0,normal
A203,2025-05-10,20,14,17.05,58.97,14,0.6779,0.649,0,25.8024,0.3582,3,1,airbnb
A204,2025-05-10,2,1,37.7,49.09,1,0.3105,0.4593,0,2.9899,0.1368,2,0,normal
A205,2025-05-10,5,3,37.41,76.54,2,0.3597,0.5424,0,3.9318,0.4275,2,1,suspect
A301,2025-05-10,3,0,15.99,27.2,0,0.1567,0.0,0,3.3163,0.145,1,0,normal
A302,2025-05-10,2,1,33.58,76.28,0,0.0297,0.1093,0,2.0661,0.5581,1,0,normal
A303,2025-05-10,7,2,17.37,50.8,5,0.6893,1.0,1,8.5766,1.0,2,1,airbnb
A304,2025-05-10,1,0,38.39,52.34,0,0.2149,0.6437,1,1.0522,0.2045,3,0,normal
A305,2025-05-10,3,1,30.76,57.42,3,0.8598,0.5225,2,2.913,0.6334,1,1,suspect
A401,2025-05-10,2,0,32.23,70.03,0,0.1949,0.3588,0,2.5655,0.2923,2,0,normal
A402,2025-05-10,1,0,33.81,44.78,0,0.1704,0.2003,0,1.1569,0.0842,1,0,normal
A403,2025-05-10,3,3,19.85,50.33,2,0.7404,0.7664,4,3.3406,0.5388,3,1,airbnb
A404,2025-05-10,1,0,42.25,63.83,0,0.0318,0.489,0,1.4492,0.1797,3,0,normal
A405,2025-05-10,9,7,23.07,36.55,3,0.334,0.9846,1,8.8255,0.8212,3,1,airbnb
A501,2025-05-10,5,2,32.47,73.84,3,0.5897,0.6027,0,5.6123,0.4479,1,1,suspect
A502,2025-05-10,3,1,59.56,68.14,0,0.0,0.2419,0,2.9816,0.3545,2,0,normal
A503,2025-05-10,3,1,27.57,58.42,2,0.5557,0.5708,1,3.764,0.3478,3,1,suspect
A504,2025-05-10,2,1,24.47,41.36,0,0.1838,0.5102,1,4.0859,0.1478,1,0,normal
A505,2025-05-10,12,7,29.29,40.21,9,0.7261,1.0,5,11.5188,0.917,6,1,airbnb
A601,2025-05-10,4,1,32.33,52.59,0,0.0,0.6137,0,4.6162,0.4642,1,0,normal
A602,2025-05-10,2,1,14.54,56.83,0,0.2176,0.4333,0,1.1151,0.1289,2,0,normal
A603,2025-05-10,4,2,37.69,57.24,0,0.0026,0.2148,0,4.1734,0.0423,1,0,normal
A604,2025-05-10,1,0,36.36,52.55,0,0.0,0.3088,1,1.0194,0.2004,2,0,normal
A605,2025-05-10,1,0,60.21,87.85,0,0.0,0.6794,1,1.3145,0.4408,2,0,normal
A101,2025-05-11,7,0,31.05,62.52,3,0.4111,0.1792,0,8.4073,0.0379,1,0,normal
A102,2025-05-11,7,3,15.36,58.52,1,0.1531,0.7873,1,8.8618,0.1811,3,0,normal
A103,2025-05-11,4,0,11.03,30.59,1,0.3365,0.2166,0,4.2519,0.024,2,0,normal
A104,2025-05-11,2,0,28.48,66.71,0,0.0,0.1494,0,1.8902,0.4134,3,0,normal
A105,2025-05-11,11,7,10.48,48.85,8,0.772,0.8,3,13.3969,0.8698,3,1,airbnb
A201,2025-05-11,1,1,27.02,52.9,0,0.2486,0.6991,0,0.9188,0.3558,1,0,normal
A202,2025-05-11,1,0,35.75,46.82,0,0.0,0.1528,0,1.2328,0.1122,1,0,normal
A203,2025-05-11,6,5,12.23,56.36,3,0.5674,0.5822,2,6.046,0.5388,2,1,airbnb
A204,2025-05-11,3,1,50.2,94.58,1,0.1869,0.4213,0,2.9293,0.3365,1,0,normal
A205,2025-05-11,6,1,29.13,62.58,3,0.5113,0.4049,2,6.5949,0.7909,1,1,suspect
A301,2025-05-11,1,0,42.21,80.45,0,0.1942,0.2197,1,2.1624,0.0952,2,0,normal
A302,2025-05-11,4,0,34.86,70.89,0,0.0,0.6843,0,4.685,0.5644,1,0,normal
A303,2025-05-11,13,10,26.14,51.76,5,0.3697,0.6244,4,11.281,0.491,4,1,airbnb
A304,2025-05-11,2,0,49.62,69.74,0,0.0,0.4302,0,2.3069,0.6303,1,0,normal
A305,2025-05-11,4,3,15.39,37.34,1,0.2792,0.5852,1,4.6745,0.9097,3,1,suspect
A401,2025-05-11,2,1,59.95,97.64,0,0.0,0.0788,0,1.6586,0.0,2,0,normal
A402,2025-05-11,4,0,18.27,24.59,1,0.1379,0.0,0,4.7053,0.0182,1,0,normal
A403,2025-05-11,6,5,9.48,48.62,6,0.9189,0.9347,5,5.7334,0.8384,4,1,airbnb
A404,2025-05-11,1,0,21.19,28.9,1,0.5914,0.6154,0,1.1554,0.0386,2,0,normal
A405,2025-05-11,12,6,25.79,49.5,2,0.2059,0.6738,3,12.9918,0.7561,1,1,airbnb
A501,2025-05-11,2,1,18.2,26.49,0,0.1679,0.3746,0,1.9507,0.4887,1,1,suspect
A502,2025-05-11,4,1,39.88,59.5,1,0.214,0.2662,0,4.7303,0.4125,1,0,normal
A503,2025-05-11,3,3,20.19,51.63,2,0.518,0.4311,0,3.2233,0.8652,1,1,suspect
A504,2025-05-11,1,1,25.39,66.5,0,0.064,0.0252,0,1.3722,0.4147,2,0,normal
A505,2025-05-11,9,7,22.76,58.52,6,0.6751,0.3222,0,10.7128,1.0,4,1,airbnb
A601,2025-05-11,3,1,48.59,55.13,1,0.2118,0.2527,0,3.3351,0.039,2,0,normal
A602,2025-05-11,3,1,20.1,64.34,1,0.4103,0.2885,0,2.3244,0.281,1,0,normal
A603,2025-05-11,3,0,66.69,98.9,0,0.0639,0.1788,0,2.9967,0.0368,2,0,normal
A604,2025-05-11,2,1,39.94,70.36,1,0.4271,0.151,0,2.1134,0.0907,1,0,normal
A605,2025-05-11,2,1,24.28,37.8,0,0.2442,0.804,0,2.3484,0.0925,1,0,normal
A101,2025-05-12,1,0,24.47,50.59,1,0.6254,0.0749,0,1.2124,0.2191,1,0,normal
A102,2025-05-12,3,1,41.31,53.92,1,0.2499,0.0,1,3.8185,0.1786,1,0,normal
A103,2025-05-12,5,1,92.02,118.64,3,0.6216,0.5889,0,5.6465,0.1759,3,0,normal
A104,2025-05-12,2,1,30.44,65.13,1,0.3361,0.3642,1,2.18,0.0,1,0,normal
A105,2025-05-12,12,8,18.29,23.9,5,0.3841,0.4822,6,12.7794,0.598,3,1,airbnb
A201,2025-05-12,1,0,54.88,92.96,0,0.307,0.1515,1,1.0693,0.1065,2,0,normal
A202,2025-05-12,3,1,25.27,33.11,1,0.1859,0.0252,0,3.0403,0.5846,2,0,normal
A203,2025-05-12,7,7,2.0,29.38,6,0.9121,0.9885,1,7.415,1.0,4,1,airbnb
A204,2025-05-12,2,1,19.71,60.72,0,0.199,0.0,2,2.107,0.0521,2,0,normal
A205,2025-05-12,6,5,19.04,43.46,3,0.5498,0.3755,0,7.2266,0.6015,1,1,suspect
A301,2025-05-12,1,0,76.24,91.64,0,0.194,0.5159,0,0.8138,0.3374,1,0,normal
A302,2025-05-12,3,0,62.84,83.97,0,0.0773,0.3791,0,3.2815,0.439,2,0,normal
A303,2025-05-12,5,4,15.51,59.74,5,0.92,0.3846,2,6.3361,0.9651,1,1,airbnb
A304,2025-05-12,1,0,42.01,56.95,0,0.0,0.4229,0,0.7983,0.2285,3,0,normal
A305,2025-05-12,7,2,37.86,50.4,4,0.5325,0.0571,1,7.1006,0.5507,2,1,suspect
A401,2025-05-12,2,0,31.93,69.16,0,0.1871,0.229,1,1.9024,0.1985,1,0,normal
A402,2025-05-12,2,1,46.6,56.42,1,0.2948,0.2308,0,0.5,0.2733,4,0,normal
A403,2025-05-12,6,5,31.87,75.31,2,0.3139,0.6205,3,5.659,0.5818,2,1,airbnb
A404,2025-05-12,3,0,55.3,89.26,1,0.2921,0.4848,2,3.3631,0.2998,2,0,normal
A405,2025-05-12,6,5,8.72,25.73,3,0.5662,0.8201,1,7.2985,0.9974,1,1,airbnb
A501,2025-05-12,4,3,21.62,60.33,2,0.4255,0.1144,0,3.7111,0.7713,2,1,suspect
A502,2025-05-12,3,1,20.12,43.96,0,0.0,0.0,0,3.1688,0.1952,1,0,normal
A503,2025-05-12,7,4,18.57,26.62,1,0.2066,0.5756,0,7.2557,0.2061,1,1,suspect
A504,2025-05-12,2,0,15.2,20.76,0,0.1659,0.0891,0,2.6114,0.1475,1,0,normal
A505,2025-05-12,5,4,30.42,42.59,4,0.8535,0.834,4,5.9683,0.5,1,1,airbnb
A601,2025-05-12,3,2,27.79,66.27,1,0.2478,0.3994,1,4.0579,0.0,3,0,normal
A602,2025-05-12,2,1,24.02,42.06,2,0.8924,0.3765,0,1.8786,0.12,1,0,normal
A603,2025-05-12,4,2,47.74,80.23,2,0.3766,0.3317,0,4.2049,0.1142,1,0,normal
A604,2025-05-12,3,1,52.82,94.58,0,0.0496,0.3822,0,3.5072,0.0331,2,0,normal
A605,2025-05-12,3,1,27.02,42.82,0,0.1474,0.0055,0,3.4974,0.9644,1,0,normal
A101,2025-05-13,3,1,25.62,44.61,1,0.3737,0.0,1,3.5482,0.2361,2,0,normal
A102,2025-05-13,3,0,6.56,19.37,1,0.492,0.425,0,3.0789,0.2263,1,0,normal
A103,2025-05-13,3,1,22.22,35.35,1,0.4406,0.2598,0,3.2217,0.0189,5,0,normal
A104,2025-05-13,3,0,7.2,35.09,1,0.321,0.3469,0,3.3843,0.3625,2,0,normal
A105,2025-05-13,7,4,20.52,32.71,5,0.7595,1.0,2,8.6227,0.6983,3,1,airbnb
A201,2025-05-13,1,1,12.73,22.36,0,0.4759,0.0,0,0.865,0.5185,2,0,normal
A202,2025-05-13,6,0,48.96,90.25,1,0.2009,0.3872,0,6.6449,0.238,2,0,normal
A203,2025-05-13,5,4,35.86,58.48,5,1.0,0.4489,2,5.1876,1.0,3,1,airbnb
A204,2025-05-13,1,0,17.37,41.51,0,0.1762,0.4475,0,1.1072,0.2072,4,0,normal
A205,2025-05-13,6,1,20.73,36.91,4,0.6617,0.3648,3,7.5457,1.0,1,1,suspect
A301,2025-05-13,2,0,83.97,123.01,0,0.0,0.1407,0,1.9808,0.0,4,0,normal
A302,2025-05-13,2,0,8.61,49.94,0,0.0,0.2175,3,2.4664,0.0,1,0,normal
A303,2025-05-13,13,12,11.73,37.53,11,0.8755,1.0,0,14.4822,0.7911,5,1,airbnb
A304,2025-05-13,1,0,37.45,76.24,0,0.0357,0.1643,0,0.8902,0.0,1,0,normal
A305,2025-05-13,5,2,37.36,66.03,2,0.4381,0.8389,3,6.3161,0.4042,1,1,suspect
A401,2025-05-13,1,0,15.17,31.62,0,0.143,0.2118,0,0.9714,0.0,1,0,normal
A402,2025-05-13,3,1,29.48,37.03,0,0.0,0.2972,0,3.4795,0.1327,3,0,normal
A403,2025-05-13,5,5,2.0,16.88,5,0.9541,0.7855,3,6.189,0.761,4,1,airbnb
A404,2025-05-13,2,0,29.19,36.28,0,0.172,0.2835,0,2.0475,0.2792,2,0,normal
A405,2025-05-13,2,2,4.93,31.17,1,0.6365,0.5434,0,2.3684,1.0,1,1,airbnb
A501,2025-05-13,7,5,44.81,60.12,2,0.258,0.0276,1,7.1825,0.4513,2,1,suspect
A502,2025-05-13,4,1,37.0,80.82,1,0.2437,0.0625,0,3.9465,0.0582,4,0,normal
A503,2025-05-13,4,1,54.17,80.58,1,0.3624,0.6355,0,4.9991,0.372,1,1,suspect
A504,2025-05-13,2,1,12.89,34.9,1,0.3041,0.5401,2,2.4338,0.2927,1,0,normal
A505,2025-05-13,6,6,8.61,48.31,5,0.8316,0.8874,1,7.5873,0.7168,5,1,airbnb
A601,2025-05-13,1,0,39.37,71.64,0,0.0737,0.042,1,1.3323,0.0994,1,0,normal
A602,2025-05-13,4,1,14.1,45.97,0,0.0821,0.3319,0,3.8788,0.0797,1,0,normal
A603,2025-05-13,6,2,22.08,42.15,2,0.4137,0.4721,2,6.3831,0.0187,3,0,normal
A604,2025-05-13,1,0,35.3,71.01,0,0.0611,0.3167,0,1.2094,0.7149,3,0,normal
A605,2025-05-13,3,0,51.0,65.15,0,0.1394,0.3967,0,3.2786,0.315,2,0,normal
A101,2025-05-14,4,0,27.42,39.46,0,0.0,0.6418,0,4.473,0.0747,2,0,normal
A102,2025-05-14,4,1,23.63,61.54,0,0.0202,0.4751,0,4.8105,0.1631,1,0,normal
A103,2025-05-14,2,0,89.04,102.38,0,0.1388,0.9656,1,2.1137,0.1185,1,0,normal
A104,2025-05-14,2,1,76.51,98.87,0,0.0,0.0,1,2.9472,0.2384,1,0,normal
A105,2025-05-14,11,8,35.91,77.63,7,0.6712,0.779,0,10.665,0.7319,4,1,airbnb
A201,2025-05-14,1,0,39.63,45.2,0,0.107,0.2831,0,1.0495,0.1266,1,0,normal
A202,2025-05-14,2,1,35.76,54.84,1,0.4209,0.0,0,2.0615,0.1043,1,0,normal
A203,2025-05-14,10,9,11.67,20.56,7,0.726,0.6713,4,12.5747,0.6442,1,1,airbnb
A204,2025-05-14,2,0,55.13,63.1,0,0.2246,0.501,0,2.3665,0.4528,1,0,normal
A205,2025-05-14,4,2,42.11,67.94,0,0.0659,0.4947,2,5.241,0.7633,4,1,suspect
A301,2025-05-14,1,0,5.41,33.92,0,0.1445,0.5799,0,0.966,0.0993,1,0,normal
A302,2025-05-14,3,1,31.38,56.14,0,0.0,0.3591,0,3.3252,0.0,3,0,normal
A303,2025-05-14,6,4,18.22,52.48,5,0.7507,0.3363,3,7.0328,0.3439,4,1,airbnb
A304,2025-05-14,4,1,28.61,50.59,2,0.4317,0.5482,0,4.6303,0.0116,2,0,normal
A305,2025-05-14,1,1,40.09,63.63,0,0.4656,0.835,0,1.0779,0.5499,2,1,suspect
A401,2025-05-14,4,1,52.55,72.6,0,0.1196,0.3447,1,4.9281,0.3162,1,0,normal
A402,2025-05-14,4,1,16.79,60.33,0,0.0,0.2035,1,4.5017,0.0,2,0,normal
A403,2025-05-14,5,3,19.26,62.33,3,0.5586,1.0,1,5.2144,0.833,4,1,airbnb
A404,2025-05-14,1,0,69.75,107.61,0,0.0278,0.6804,0,1.6362,0.0,3,0,normal
A405,2025-05-14,4,2,18.61,45.03,3,0.794,0.7834,1,3.6878,0.8463,2,1,airbnb
A501,2025-05-14,5,3,26.49,34.71,3,0.6058,0.7614,5,6.0717,0.9822,2,1,suspect
A502,2025-05-14,4,3,60.42,94.86,1,0.3372,0.0,0,4.3389,0.3227,3,0,normal
A503,2025-05-14,8,3,41.38,67.49,4,0.4968,0.3534,1,8.3084,0.2087,2,1,suspect
A504,2025-05-14,3,1,14.16,36.94,0,0.1086,0.1875,0,3.4334,0.1418,2,0,normal
A505,2025-05-14,5,4,26.85,48.85,3,0.6078,0.2873,1,4.8443,0.6346,2,1,airbnb
A601,2025-05-14,1,0,38.15,82.93,0,0.4386,0.211,0,1.0451,0.0474,1,0,normal
A602,2025-05-14,3,1,26.38,38.69,0,0.0,0.0,0,3.0408,0.1011,1,0,normal
A603,2025-05-14,1,0,73.68,91.65,0,0.1858,0.0037,0,0.7899,0.285,1,0,normal
A604,2025-05-14,2,0,17.17,59.04,1,0.2563,0.3738,0,1.7141,0.2718,1,0,normal
A605,2025-05-14,4,1,44.42,67.49,0,0.0826,0.1855,0,4.7148,0.1379,1,0,normal
A101,2025-05-15,5,0,33.22,64.3,0,0.0,0.3344,1,5.5497,0.0992,1,0,normal
A102,2025-05-15,1,1,42.44,86.41,0,0.0462,0.2647,0,1.3772,0.3106,1,0,normal
A103,2025-05-15,3,1,51.33,83.69,1,0.409,0.1622,0,3.9012,0.3913,1,0,normal
A104,2025-05-15,3,0,31.82,58.0,0,0.0601,0.4498,1,3.8147,0.0603,1,0,normal
A105,2025-05-15,4,3,2.0,26.68,3,0.8239,0.0,4,4.4655,0.8175,4,1,airbnb
A201,2025-05-15,2,0,52.39,63.96,1,0.2612,0.536,0,1.9266,0.1402,1,0,normal
A202,2025-05-15,1,0,32.77,49.51,0,0.1751,0.3105,0,0.9143,0.2069,1,0,normal
A203,2025-05-15,6,4,23.39,36.13,5,0.8104,0.9179,2,5.2477,0.6167,1,1,airbnb
A204,2025-05-15,4,3,22.21,30.71,1,0.1833,0.2921,0,4.0683,0.4334,1,0,normal
A205,2025-05-15,1,1,24.62,61.61,1,0.5027,0.6377,0,1.2092,0.3759,1,1,suspect
A301,2025-05-15,4,0,11.86,55.97,1,0.3145,0.0627,0,4.3785,0.3421,1,0,normal
A302,2025-05-15,2,2,34.2,67.39,0,0.0561,0.5716,2,1.3444,0.114,1,0,normal
A303,2025-05-15,4,4,12.47,56.53,2,0.5879,1.0,2,4.6495,0.9258,2,1,airbnb
A304,2025-05-15,1,0,43.56,52.8,0,0.0163,0.0,0,1.1175,0.296,3,0,normal
A305,2025-05-15,1,1,29.32,69.91,1,0.5838,0.184,5,1.2384,0.2863,3,1,suspect
A401,2025-05-15,2,0,34.83,60.7,0,0.1899,0.1918,0,2.1681,0.3539,2,0,normal
A402,2025-05-15,3,1,47.14,83.49,1,0.3332,0.0044,0,4.1942,0.1162,1,0,normal
A403,2025-05-15,10,5,25.07,41.49,7,0.6851,0.6688,3,10.4038,1.0,2,1,airbnb
A404,2025-05-15,1,0,5.36,45.0,0,0.2953,0.0517,0,1.34,0.1154,2,0,normal
A405,2025-05-15,6,6,27.48,47.67,5,0.908,0.6721,1,4.598,0.5554,2,1,airbnb
A501,2025-05-15,2,1,28.2,51.39,1,0.3418,0.3239,5,3.0522,0.9153,1,1,suspect
A502,2025-05-15,1,0,2.0,27.84,0,0.1588,0.5109,0,1.5513,0.0375,1,0,normal
A503,2025-05-15,7,6,36.77,76.93,0,0.0,0.7623,0,6.9552,0.6376,1,1,suspect
A504,2025-05-15,1,0,41.73,56.97,0,0.1428,0.5401,0,0.9036,0.1241,3,0,normal
A505,2025-05-15,6,4,21.85,64.95,5,0.7679,0.9872,1,8.1739,0.6543,1,1,airbnb
A601,2025-05-15,3,1,17.02,44.14,0,0.0,0.6452,1,3.4819,0.42,1,0,normal
A602,2025-05-15,2,1,42.45,58.28,0,0.0625,0.2091,0,2.4605,0.1288,1,0,normal
A603,2025-05-15,3,1,30.85,69.2,1,0.2613,0.3612,1,3.0232,0.2677,1,0,normal
A604,2025-05-15,5,1,65.16,88.65,2,0.4598,0.416,0,4.7287,0.6137,2,0,normal
A605,2025-05-15,1,0,9.25,43.77,0,0.0,0.3812,0,1.3335,0.1142,3,0,normal
A101,2025-05-16,3,1,68.17,96.58,1,0.174,0.4351,1,3.0256,0.6421,2,0,normal
A102,2025-05-16,1,1,25.17,44.75,0,0.1318,0.6066,0,1.4317,0.1885,2,0,normal
A103,2025-05-16,2,1,24.13,67.09,1,0.2536,0.1805,0,2.3986,0.0,1,0,normal
A104,2025-05-16,3,1,20.48,34.85,1,0.2395,0.4601,0,3.2501,0.6001,3,0,normal
A105,2025-05-16,8,5,38.94,72.06,8,1.0,0.6955,7,9.6494,0.3553,1,1,airbnb
A201,2025-05-16,3,1,56.82,99.14,0,0.0468,0.2754,1,3.4444,0.5718,2,0,normal
A202,2025-05-16,1,0,67.01,78.17,0,0.1529,0.2605,0,1.0671,0.2279,1,0,normal
A203,2025-05-16,10,8,10.48,26.93,5,0.5462,0.9176,0,11.0298,0.7276,2,1,airbnb
A204,2025-05-16,2,1,33.4,46.07,0,0.0,0.0804,0,2.4853,0.1248,1,0,normal
A205,2025-05-16,3,2,16.25,24.32,1,0.2167,0.4602,1,4.0878,0.5201,1,1,suspect
A301,2025-05-16,2,0,72.29,81.58,1,0.3797,0.6544,0,2.3696,0.0681,2,0,normal
A302,2025-05-16,1,0,14.16,31.82,0,0.0521,0.0119,0,1.028,0.2402,1,0,normal
A303,2025-05-16,9,7,11.48,42.37,9,1.0,0.7873,3,11.625,1.0,2,1,airbnb
A304,2025-05-16,3,0,83.72,92.5,0,0.0217,0.3674,1,3.6201,0.2123,2,0,normal
A305,2025-05-16,11,2,16.54,40.75,1,0.0829,0.5107,0,11.6942,0.7109,3,1,suspect
A401,2025-05-16,2,0,55.31,96.16,1,0.2627,0.5981,2,2.3456,0.0681,2,0,normal
A402,2025-05-16,2,0,14.67,53.0,0,0.164,0.3643,0,3.159,0.324,1,0,normal
A403,2025-05-16,6,4,28.31,51.6,3,0.4653,0.7794,2,7.1187,0.9005,3,1,airbnb
A404,2025-05-16,1,0,40.76,82.97,0,0.1242,0.0473,0,1.1841,0.0,2,0,normal
A405,2025-05-16,15,15,10.52,18.24,6,0.405,0.7078,3,18.93,0.9363,4,1,airbnb
A501,2025-05-16,6,1,13.75,35.23,3,0.5109,0.5711,0,6.1031,0.697,1,1,suspect
A502,2025-05-16,2,1,44.97,62.31,1,0.2717,0.0,4,2.4005,0.3459,1,0,normal
A503,2025-05-16,3,1,26.84,39.95,2,0.6366,0.7629,2,3.849,1.0,2,1,suspect
A504,2025-05-16,3,1,12.58,47.63,0,0.0029,0.335,0,4.5953,0.0714,2,0,normal
A505,2025-05-16,6,5,23.51,50.51,4,0.6817,1.0,2,7.0511,0.6336,4,1,airbnb
A601,2025-05-16,3,1,27.58,65.59,2,0.5453,0.4924,0,2.8779,0.4251,1,0,normal
A602,2025-05-16,1,0,46.29,89.49,0,0.0,0.0949,0,1.1818,0.0,1,0,normal
A603,2025-05-16,1,0,23.69,48.62,0,0.0952,0.8068,0,1.0778,0.2408,2,0,normal
A604,2025-05-16,4,2,45.28,50.75,0,0.031,0.2943,0,3.5378,0.2004,1,0,normal
A605,2025-05-16,1,0,46.77,64.66,0,0.0,0.0,0,0.8846,0.004,1,0,normal
A101,2025-05-17,2,1,29.34,35.76,1,0.346,0.5733,0,2.2268,0.0,3,0,normal
A102,2025-05-17,2,0,3.11,13.86,1,0.4158,0.4769,0,2.1477,0.0,1,0,normal
A103,2025-05-17,3,1,27.08,35.99,1,0.2231,0.3042,0,3.6363,0.3617,1,0,normal
A104,2025-05-17,3,0,38.24,77.25,0,0.0,0.2332,0,3.0925,0.6199,2,0,normal
A105,2025-05-17,5,4,30.96,48.41,3,0.5146,0.7073,2,5.7114,0.7281,5,1,airbnb
A201,2025-05-17,2,1,35.93,56.49,0,0.0381,0.3261,0,2.0681,0.2678,1,0,normal
A202,2025-05-17,1,0,22.81,32.5,0,0.0631,0.0,1,0.9505,0.1303,3,0,normal
A203,2025-05-17,7,7,17.95,45.72,5,0.6553,1.0,1,7.5323,0.2336,3,1,airbnb
A204,2025-05-17,3,1,2.0,33.83,0,0.0,0.3198,0,3.1599,0.2537,2,0,normal
A205,2025-05-17,4,2,35.26,43.17,1,0.2829,0.1556,0,4.0356,0.6749,3,1,suspect
A301,2025-05-17,2,0,27.94,48.02,0,0.2436,0.0,1,2.2181,0.3818,3,0,normal
A302,2025-05-17,2,1,35.2,61.8,0,0.1678,0.3734,0,2.2034,0.0,3,0,normal
A303,2025-05-17,8,5,41.15,51.42,8,1.0,0.6234,0,8.2277,0.6739,1,1,airbnb
A304,2025-05-17,1,1,43.18,85.92,0,0.1019,0.4903,0,0.5828,0.0773,1,0,normal
A305,2025-05-17,9,5,27.12,49.59,0,0.0447,0.5527,1,9.8354,0.5164,2,1,suspect
A401,2025-05-17,5,3,34.55,50.42,0,0.0,0.3917,0,6.4793,0.0,1,0,normal
A402,2025-05-17,2,1,41.6,65.49,0,0.1589,0.0,3,1.23,0.4858,2,0,normal
A403,2025-05-17,16,13,13.82,56.14,8,0.5198,0.7895,4,16.9944,0.7423,4,1,airbnb
A404,2025-05-17,6,0,30.69,53.17,0,0.0,0.2107,0,6.057,0.1791,1,0,normal
A405,2025-05-17,8,7,16.5,48.28,4,0.5439,0.7026,0,7.924,0.5188,4,1,airbnb
A501,2025-05-17,5,4,42.02,60.83,1,0.2572,0.515,0,5.3628,0.609,2,1,suspect
A502,2025-05-17,1,0,27.87,63.31,0,0.4109,0.3443,1,0.9922,0.0,3,0,normal
A503,2025-05-17,6,4,30.68,72.06,1,0.1613,0.8165,0,7.1391,0.6098,1,1,suspect
A504,2025-05-17,2,0,38.52,68.38,0,0.0448,0.272,0,2.4392,0.1195,1,0,normal
A505,2025-05-17,15,15,27.2,59.62,11,0.7232,0.7831,3,19.5676,1.0,4,1,airbnb
A601,2025-05-17,4,2,20.86,29.51,0,0.0,0.5401,1,4.1342,0.3545,1,0,normal
A602,2025-05-17,3,1,44.59,87.11,0,0.1067,0.1315,0,2.8659,0.1775,1,0,normal
A603,2025-05-17,2,0,34.38,42.2,0,0.0,0.2696,1,1.8727,0.0,2,0,normal
A604,2025-05-17,4,1,29.13,46.62,1,0.1563,0.4114,0,3.4109,0.3142,1,0,normal
A605,2025-05-17,1,0,30.77,47.13,0,0.0968,0.1655,0,1.4393,0.3516,3,0,normal
A101,2025-05-18,5,1,34.78,42.86,0,0.0,0.2315,0,5.0411,0.0,1,0,normal
A102,2025-05-18,6,2,42.75,61.32,1,0.2149,0.4058,0,7.3447,0.0,1,0,normal
A103,2025-05-18,4,1,9.87,46.47,1,0.2387,0.0,1,5.0213,0.4221,1,0,normal
A104,2025-05-18,2,0,6.93,27.12,1,0.428,0.2985,1,2.3794,0.1435,1,0,normal
A105,2025-05-18,9,8,8.71,29.51,6,0.7072,0.6225,3,8.8795,0.7886,4,1,airbnb
A201,2025-05-18,1,0,22.33,63.4,0,0.0915,0.1292,0,1.6291,0.1375,1,0,normal
A202,2025-05-18,3,1,54.11,82.55,0,0.0273,0.5041,0,3.2432,0.1626,1,0,normal
A203,2025-05-18,10,6,35.06,52.08,6,0.5951,0.5109,1,11.2269,0.8105,2,1,airbnb
A204,2025-05-18,2,0,32.92,73.12,0,0.0,1.0,0,2.3162,0.3568,2,0,normal
A205,2025-05-18,8,5,23.18,52.99,3,0.3331,0.0092,3,8.8581,0.0876,3,1,suspect
A301,2025-05-18,2,1,64.19,86.78,0,0.029,0.8314,0,2.8444,0.0,1,0,normal
A302,2025-05-18,3,0,76.9,116.27,1,0.2591,0.4211,0,3.4872,0.1742,1,0,normal
A303,2025-05-18,1,1,18.62,31.47,1,0.7204,0.6562,1,1.1268,0.4567,4,1,airbnb
A304,2025-05-18,1,0,13.74,44.68,0,0.387,0.4358,1,1.1359,0.0,2,0,normal
A305,2025-05-18,5,1,46.58,70.81,1,0.2852,0.4128,1,6.5672,0.9299,1,1,suspect
A401,2025-05-18,1,1,33.26,52.05,0,0.0987,0.403,0,1.1156,0.2832,2,0,normal
A402,2025-05-18,3,1,27.68,42.96,0,0.0856,1.0,2,3.3803,0.0,3,0,normal
A403,2025-05-18,15,11,12.48,43.43,2,0.1028,0.6586,2,13.363,0.8913,1,1,airbnb
A404,2025-05-18,4,1,11.62,46.27,1,0.2885,0.6982,0,5.1236,0.2032,3,0,normal
A405,2025-05-18,8,5,19.52,25.83,6,0.702,1.0,1,8.8907,0.8751,2,1,airbnb
A501,2025-05-18,5,3,32.9,73.58,2,0.3564,0.7546,1,5.0937,0.5458,2,1,suspect
A502,2025-05-18,2,0,26.42,48.66,0,0.0,0.4018,3,2.5923,0.0,3,0,normal
A503,2025-05-18,2,1,46.69,53.21,0,0.064,0.477,0,1.1195,0.6021,1,1,suspect
A504,2025-05-18,2,0,48.38,85.55,0,0.0,0.1045,0,2.2243,0.1086,1,0,normal
A505,2025-05-18,9,7,13.43,18.82,4,0.4344,0.3751,2,12.5985,1.0,5,1,airbnb
A601,2025-05-18,2,1,39.23,70.11,0,0.2308,0.1707,0,2.2154,0.5706,2,0,normal
A602,2025-05-18,3,1,29.12,72.9,0,0.1117,0.1231,0,3.7976,0.0,1,0,normal
A603,2025-05-18,2,0,21.88,52.02,1,0.2806,0.9022,1,2.0355,0.0613,1,0,normal
A604,2025-05-18,5,0,42.57,80.15,0,0.0,0.1322,0,5.7638,0.3012,1,0,normal
A605,2025-05-18,2,0,19.97,54.02,0,0.1938,0.6114,1,2.1089,0.0,3,0,normal
A101,2025-05-19,2,0,14.66,24.84,0,0.065,0.2082,1,1.987,0.2295,2,0,normal
A102,2025-05-19,3,0,32.79,46.15,1,0.2541,0.4541,0,3.0306,0.2873,2,0,normal
A103,2025-05-19,4,1,39.99,78.65,0,0.1096,0.4646,0,5.6778,0.4339,2,0,normal
A104,2025-05-19,2,0,46.58,77.21,1,0.5774,0.0968,0,2.3365,0.0,1,0,normal
A105,2025-05-19,4,3,15.28,27.28,2,0.5146,0.6367,1,4.48,0.9078,1,1,airbnb
A201,2025-05-19,1,0,56.65,65.83,0,0.3037,0.1899,0,0.8747,0.1969,2,0,normal
A202,2025-05-19,2,1,50.73,94.73,0,0.2297,0.2754,0,2.2386,0.0,2,0,normal
A203,2025-05-19,5,4,6.86,14.65,4,0.7493,0.7046,4,5.0472,0.9867,3,1,airbnb
A204,2025-05-19,1,0,2.0,43.07,0,0.2465,0.5229,4,1.2239,0.5329,3,0,normal
A205,2025-05-19,8,7,19.22,45.82,1,0.1871,0.6655,0,7.7282,0.4836,1,1,suspect
A301,2025-05-19,4,1,32.18,53.54,2,0.4979,0.2553,0,3.5578,0.0505,1,0,normal
A302,2025-05-19,2,0,30.64,53.3,0,0.1851,0.1551,0,1.8958,0.4224,2,0,normal
A303,2025-05-19,3,2,2.0,43.36,2,0.712,0.5899,7,3.0793,0.7361,4,1,airbnb
A304,2025-05-19,7,0,39.72,59.59,1,0.1931,0.1575,0,8.013,0.3508,1,0,normal
A305,2025-05-19,2,1,30.11,53.02,1,0.5434,0.4303,0,2.6735,0.7899,1,1,suspect
A401,2025-05-19,3,1,69.76,114.65,1,0.1795,0.1546,0,3.2746,0.0755,1,0,normal
A402,2025-05-19,5,1,23.54,42.26,2,0.499,0.417,1,5.3882,0.3322,1,0,normal
A403,2025-05-19,6,6,16.14,47.65,6,1.0,0.6024,0,7.6264,0.5601,5,1,airbnb
A404,2025-05-19,2,1,41.65,54.17,0,0.0738,0.2319,1,1.4812,0.1221,1,0,normal
A405,2025-05-19,7,3,12.42,28.02,3,0.4678,0.2167,0,8.1973,0.6362,4,1,airbnb
A501,2025-05-19,4,1,17.58,22.75,2,0.4211,0.5311,4,3.7154,0.5276,2,1,suspect
A502,2025-05-19,2,0,40.42,50.31,0,0.1694,0.6368,0,3.6427,0.5317,2,0,normal
A503,2025-05-19,1,0,35.53,48.48,0,0.1919,0.6592,2,0.9745,0.5464,1,1,suspect
A504,2025-05-19,5,0,27.9,52.44,1,0.2435,0.5772,0,4.8608,0.0609,1,0,normal
A505,2025-05-19,5,4,8.87,46.92,3,0.5283,0.8092,0,5.8314,0.5805,3,1,airbnb
A601,2025-05-19,1,0,35.21,58.38,0,0.0615,0.6106,0,1.0112,0.1365,1,0,normal
A602,2025-05-19,3,0,37.19,81.06,0,0.1281,0.3964,0,3.2716,0.3239,2,0,normal
A603,2025-05-19,2,0,48.75,86.56,0,0.0,0.5524,0,2.6437,0.7907,2,0,normal
A604,2025-05-19,1,0,27.86,47.01,0,0.1786,0.359,0,0.8809,0.2694,2,0,normal
A605,2025-05-19,3,0,62.11,91.28,1,0.4141,0.5538,1,3.4748,0.6519,1,0,normal
A101,2025-05-20,5,1,74.46,100.73,0,0.0,0.833,1,5.8318,0.1293,1,0,normal
A102,2025-05-20,4,0,24.16,54.84,1,0.183,0.4569,1,5.2974,0.0,2,0,normal
A103,2025-05-20,1,0,22.57,51.37,0,0.4045,0.4651,1,1.3267,0.2488,1,0,normal
A104,2025-05-20,4,1,70.24,103.02,2,0.4207,0.5194,0,3.7254,0.407,3,0,normal
A105,2025-05-20,6,5,13.8,37.11,4,0.7388,1.0,4,7.2793,0.7066,1,1,airbnb
A201,2025-05-20,3,1,36.9,50.29,1,0.2247,0.4565,0,2.5849,0.1223,1,0,normal
A202,2025-05-20,2,1,18.29,24.79,0,0.0152,0.0384,0,2.4104,0.4767,4,0,normal
A203,2025-05-20,5,4,21.97,45.47,3,0.5255,0.8871,0,5.3322,1.0,3,1,airbnb
A204,2025-05-20,2,0,54.1,82.11,0,0.1208,0.0,0,2.3319,0.0883,1,0,normal
A205,2025-05-20,1,1,22.43,45.22,1,0.9968,0.1239,4,0.9796,0.7068,2,1,suspect
A301,2025-05-20,2,0,57.79,70.54,1,0.3485,0.3653,2,2.5178,0.4466,2,0,normal
A302,2025-05-20,1,0,27.3,71.9,0,0.1947,0.8072,0,0.7942,0.1599,1,0,normal
A303,2025-05-20,10,10,2.0,10.3,5,0.4749,0.6925,1,11.0807,0.3881,2,1,airbnb
A304,2025-05-20,6,1,36.17,66.01,2,0.3636,0.5986,0,6.7922,0.5069,1,0,normal
A305,2025-05-20,4,2,33.19,65.38,3,0.6777,0.6742,2,3.9045,0.7187,2,1,suspect
A401,2025-05-20,1,0,29.06,48.31,0,0.0259,0.2843,0,1.3771,0.2079,2,0,normal
A402,2025-05-20,3,0,12.99,37.73,1,0.2466,0.2982,1,3.5431,0.0706,2,0,normal
A403,2025-05-20,12,12,18.52,33.51,10,0.8463,0.3336,1,13.3274,0.8075,5,1,airbnb
A404,2025-05-20,4,0,81.23,93.11,1,0.255,0.4182,0,3.5136,0.0,1,0,normal
A405,2025-05-20,7,7,8.31,52.92,4,0.6198,0.6282,1,6.552,0.6075,3,1,airbnb
A501,2025-05-20,4,1,21.07,28.18,2,0.4592,0.5795,0,4.4224,0.5126,1,1,suspect
A502,2025-05-20,3,0,60.52,84.41,0,0.0681,0.3421,0,3.4527,0.3573,3,0,normal
A503,2025-05-20,4,3,33.11,44.17,1,0.2899,0.5114,1,4.6547,0.0708,1,1,suspect
A504,2025-05-20,5,1,15.52,26.57,3,0.508,0.4215,0,6.0585,0.5414,3,0,normal
A505,2025-05-20,6,3,36.37,64.2,4,0.723,0.4486,3,7.6994,0.9159,2,1,airbnb
A601,2025-05-20,2,0,41.53,47.05,1,0.4183,0.1761,0,2.214,0.3997,2,0,normal
A602,2025-05-20,3,1,18.5,37.75,1,0.2457,0.0,0,3.1944,0.4267,1,0,normal
A603,2025-05-20,1,0,54.61,63.26,0,0.2584,0.1238,0,0.8736,0.2457,2,0,normal
A604,2025-05-20,2,0,5.86,18.9,1,0.3882,0.5302,0,2.4229,0.0538,1,0,normal
A605,2025-05-20,1,0,13.84,22.04,0,0.1837,0.8474,0,0.9351,0.2745,1,0,normal
A101,2025-05-21,7,0,62.34,86.41,1,0.1836,0.0953,0,6.8426,0.171,2,0,normal
A102,2025-05-21,1,0,54.37,73.17,0,0.0,0.5981,0,0.7702,0.015,2,0,normal
A103,2025-05-21,1,0,26.89,67.03,0,0.0,0.1961,0,1.1317,0.3905,1,0,normal
A104,2025-05-21,3,0,40.89,56.69,0,0.0332,0.0,0,3.9935,0.1229,2,0,normal
A105,2025-05-21,2,2,9.88,20.65,1,0.5813,0.4534,3,1.6037,0.8408,5,1,airbnb
A201,2025-05-21,1,0,24.47,33.71,0,0.4433,0.3838,3,1.3363,0.0,2,0,normal
A202,2025-05-21,3,0,40.05,57.12,2,0.74,0.0433,0,3.0705,0.2054,3,0,normal
A203,2025-05-21,12,11,11.3,26.08,3,0.2825,0.3752,1,11.6166,0.994,4,1,airbnb
A204,2025-05-21,1,0,44.33,63.73,0,0.0699,0.3856,0,1.3811,0.2572,2,0,normal
A205,2025-05-21,1,1,33.03,62.69,0,0.1766,0.4516,0,1.0856,0.3986,3,1,suspect
A301,2025-05-21,1,1,15.21,47.67,0,0.3267,0.2678,0,1.2805,0.1332,3,0,normal
A302,2025-05-21,3,1,53.74,82.44,0,0.1385,0.268,0,2.5542,0.123,1,0,normal
A303,2025-05-21,4,2,18.58,36.01,2,0.4633,1.0,0,4.7102,0.6167,6,1,airbnb
A304,2025-05-21,4,1,9.23,52.94,1,0.2038,0.0779,1,4.6169,0.2305,3,0,normal
A305,2025-05-21,5,1,50.07,59.15,1,0.2168,0.0,0,5.4283,0.9905,1,1,suspect
A401,2025-05-21,2,0,62.37,78.52,0,0.0,0.4268,0,2.2801,0.2268,2,0,normal
A402,2025-05-21,3,0,17.99,47.31,0,0.1509,0.7082,0,2.8116,0.0491,1,0,normal
A403,2025-05-21,9,6,23.32,30.3,6,0.6282,0.8457,1,8.976,0.8413,4,1,airbnb
A404,2025-05-21,5,1,9.95,38.47,2,0.4351,0.2333,0,4.6244,0.1623,1,0,normal
A405,2025-05-21,4,2,16.55,38.8,2,0.5462,0.4879,0,4.4722,0.6963,2,1,airbnb
A501,2025-05-21,5,0,32.64,39.73,3,0.6234,0.4705,0,6.0617,0.3161,1,1,suspect
A502,2025-05-21,2,0,48.91,57.96,1,0.4508,0.3988,0,1.7706,0.3751,3,0,normal
A503,2025-05-21,4,3,31.88,74.69,1,0.3313,0.5042,0,4.1256,0.5615,1,1,suspect
A504,2025-05-21,4,2,31.12,36.21,0,0.0476,0.5606,2,5.5517,0.4971,1,0,normal
A505,2025-05-21,7,5,23.94,58.42,2,0.282,1.0,0,9.7723,0.7579,2,1,airbnb
A601,2025-05-21,1,0,94.36,104.01,0,0.0,0.594,1,1.3889,0.2177,1,0,normal
A602,2025-05-21,6,3,38.35,75.04,1,0.1667,0.1293,1,6.2282,0.3381,2,0,normal
A603,2025-05-21,3,1,39.67,79.16,0,0.0,0.4782,0,1.8998,0.2054,2,0,normal
A604,2025-05-21,2,0,57.46,65.41,0,0.2053,0.1477,0,2.0711,0.2407,1,0,normal
A605,2025-05-21,1,0,42.76,58.34,0,0.0327,0.2717,0,1.0325,0.4176,3,0,normal
A101,2025-05-22,3,1,2.8,41.17,0,0.0851,0.1301,0,2.1264,0.5467,3,0,normal
A102,2025-05-22,5,0,88.66,129.64,1,0.1161,0.0,0,6.0745,0.155,1,0,normal
A103,2025-05-22,3,1,58.7,90.99,0,0.0,0.577,1,3.0153,0.0364,2,0,normal
A104,2025-05-22,2,0,13.48,56.93,0,0.0953,0.0,0,2.7982,0.0327,3,0,normal
A105,2025-05-22,5,4,10.39,43.1,4,0.7571,1.0,2,5.5219,0.8877,4,1,airbnb
A201,2025-05-22,2,1,18.27,42.61,1,0.2656,0.4037,0,2.4153,0.1868,1,0,normal
A202,2025-05-22,2,0,64.59,90.14,0,0.1595,0.2792,0,2.2342,0.2717,1,0,normal
A203,2025-05-22,7,5,13.91,40.97,3,0.4346,0.2783,3,6.3411,0.6749,4,1,airbnb
A204,2025-05-22,2,0,33.64,43.37,0,0.1078,0.2493,1,1.8365,0.1988,1,0,normal
A205,2025-05-22,4,1,33.76,40.52,2,0.3845,0.5372,1,4.3756,0.8013,3,1,suspect
A301,2025-05-22,2,0,20.12,54.93,1,0.2505,0.2886,3,2.0245,0.0318,3,0,normal
A302,2025-05-22,2,1,41.49,48.44,0,0.0066,0.0236,0,2.3359,0.3183,3,0,normal
A303,2025-05-22,6,6,23.97,58.77,3,0.581,0.8842,0,6.6592,1.0,2,1,airbnb
A304,2025-05-22,3,1,31.98,42.08,1,0.1677,0.3269,0,3.5107,0.0,1,0,normal
A305,2025-05-22,6,4,64.22,77.12,2,0.3222,0.597,2,6.5816,0.6457,1,1,suspect
A401,2025-05-22,1,0,8.04,16.0,0,0.2513,0.6052,0,1.2501,0.0685,2,0,normal
A402,2025-05-22,3,0,36.39,52.72,1,0.2967,0.3957,0,3.7474,0.3974,1,0,normal
A403,2025-05-22,9,7,23.7,65.68,8,0.8819,0.6346,0,10.8013,1.0,1,1,airbnb
A404,2025-05-22,1,0,57.33,82.64,0,0.2567,0.2224,0,1.1087,0.0959,1,0,normal
A405,2025-05-22,8,8,14.89,46.37,8,0.9686,0.3971,0,8.6378,0.8775,3,1,airbnb
A501,2025-05-22,10,4,59.51,65.59,1,0.1035,0.637,0,12.1998,0.286,3,1,suspect
A502,2025-05-22,1,0,46.22,54.63,0,0.4805,0.3594,0,1.3169,0.184,1,0,normal
A503,2025-05-22,5,2,48.14,87.33,0,0.0,0.3866,0,6.1973,1.0,2,1,suspect
A504,2025-05-22,2,0,12.56,54.53,0,0.0889,0.1343,0,2.1993,0.078,2,0,normal
A505,2025-05-22,8,6,18.52,62.73,8,1.0,1.0,2,6.8721,0.7024,3,1,airbnb
A601,2025-05-22,4,0,62.6,75.6,1,0.1317,0.0493,5,3.5089,0.5679,2,0,normal
A602,2025-05-22,1,0,49.33,67.08,0,0.0744,0.1717,1,1.1734,0.0,2,0,normal
A603,2025-05-22,5,1,87.64,96.09,3,0.5976,0.4133,0,4.6395,1.0,1,0,normal
A604,2025-05-22,1,0,8.05,45.23,0,0.0,0.7624,0,0.8115,0.0952,3,0,normal
A605,2025-05-22,2,0,35.22,59.29,0,0.1719,0.0507,0,2.0895,0.3334,2,0,normal
A101,2025-05-23,2,0,16.29,21.75,0,0.0,0.1479,0,2.0778,0.0426,3,0,normal
A102,2025-05-23,2,0,53.2,62.99,1,0.3438,0.0644,0,2.2195,0.1157,1,0,normal
A103,2025-05-23,2,0,33.64,61.8,0,0.2212,0.5922,0,2.7469,0.2755,1,0,normal
A104,2025-05-23,3,0,16.99,34.09,0,0.1397,0.1445,0,3.2871,0.3708,1,0,normal
A105,2025-05-23,13,13,14.9,24.52,13,1.0,0.8782,0,14.213,0.6935,4,1,airbnb
A201,2025-05-23,4,3,46.16,85.89,0,0.0798,0.2561,0,2.1508,0.0564,1,0,normal
A202,2025-05-23,4,1,46.84,82.2,1,0.2163,0.1377,0,5.0447,0.1332,2,0,normal
A203,2025-05-23,9,7,42.48,86.84,5,0.5121,0.6303,4,9.2878,0.8371,3,1,airbnb
A204,2025-05-23,4,0,31.17,50.89,2,0.5314,0.1175,0,4.9362,0.2907,1,0,normal
A205,2025-05-23,3,1,29.45,66.35,2,0.8132,0.3526,0,1.8822,0.7373,1,1,suspect
A301,2025-05-23,1,0,36.63,77.49,0,0.4028,0.4075,1,1.073,0.1391,1,0,normal
A302,2025-05-23,3,1,61.46,84.38,0,0.0,0.2026,0,3.4504,0.0,1,0,normal
A303,2025-05-23,3,1,10.43,55.02,3,0.8381,1.0,2,3.1353,1.0,4,1,airbnb
A304,2025-05-23,1,1,42.25,69.31,0,0.1732,0.4785,0,1.3536,0.2868,2,0,normal
A305,2025-05-23,5,4,35.18,66.37,1,0.1536,0.426,0,5.3633,0.3454,2,1,suspect
A401,2025-05-23,1,0,12.27,56.2,0,0.2402,0.0,1,1.0884,0.2446,2,0,normal
A402,2025-05-23,1,0,62.83,75.24,0,0.1374,0.4326,0,0.9873,0.0266,1,0,normal
A403,2025-05-23,5,2,14.42,52.84,2,0.3155,0.5001,0,5.4867,1.0,4,1,airbnb
A404,2025-05-23,1,0,12.52,42.39,0,0.41,0.2876,1,1.3469,0.3007,4,0,normal
A405,2025-05-23,8,8,21.09,61.91,5,0.6119,0.7203,4,8.8538,1.0,4,1,airbnb
A501,2025-05-23,2,1,18.57,26.68,1,0.5436,0.8278,0,2.0692,1.0,3,1,suspect
A502,2025-05-23,1,0,47.61,74.23,0,0.1634,0.0313,1,1.3945,0.0,2,0,normal
A503,2025-05-23,4,1,27.64,46.41,0,0.1234,0.1543,2,5.0028,0.2574,2,1,suspect
A504,2025-05-23,3,1,65.45,99.28,1,0.4437,0.5062,1,2.5846,0.6406,2,0,normal
A505,2025-05-23,13,11,17.72,61.49,1,0.0833,0.7691,1,14.61,0.7292,3,1,airbnb
A601,2025-05-23,5,2,28.59,59.04,2,0.4762,0.5811,0,5.7396,0.5103,3,0,normal
A602,2025-05-23,4,1,35.43,40.63,1,0.1921,0.1905,0,4.9523,0.0878,1,0,normal
A603,2025-05-23,2,0,47.36,62.42,1,0.3137,0.2555,0,2.2828,0.315,2,0,normal
A604,2025-05-23,3,0,38.13,58.52,0,0.0227,0.2463,0,3.5273,0.2134,1,0,normal
A605,2025-05-23,3,1,57.8,81.1,0,0.108,0.287,3,3.5195,0.245,1,0,normal
A101,2025-05-24,3,0,54.15,65.25,2,0.656,0.2894,3,3.6803,0.3983,1,0,normal
A102,2025-05-24,5,1,40.42,69.64,3,0.509,0.3388,0,9.4433,0.3544,2,0,normal
A103,2025-05-24,3,1,57.28,84.25,1,0.3344,0.1472,0,3.095,0.0727,1,0,normal
A104,2025-05-24,1,0,40.9,75.24,0,0.0,0.1673,0,1.0489,0.2583,3,0,normal
A105,2025-05-24,11,9,28.31,62.23,8,0.7671,0.768,1,11.6643,0.9264,2,1,airbnb
A201,2025-05-24,3,1,40.08,84.68,0,0.1329,0.1481,1,3.4747,0.3884,3,0,normal
A202,2025-05-24,3,1,28.11,72.73,0,0.0193,0.1181,1,3.3765,0.1147,2,0,normal
A203,2025-05-24,7,6,23.32,39.92,4,0.5779,1.0,2,7.5703,0.7649,3,1,airbnb
A204,2025-05-24,1,0,56.4,91.38,0,0.0,0.2684,0,0.7562,0.2557,2,0,normal
A205,2025-05-24,3,1,23.79,64.52,1,0.3518,0.6795,1,3.0575,0.3563,1,1,suspect
A301,2025-05-24,4,2,27.54,68.15,1,0.2481,0.3609,2,4.7968,0.3501,1,0,normal
A302,2025-05-24,1,1,50.94,57.95,0,0.0721,0.6073,0,1.3066,0.2662,3,0,normal
A303,2025-05-24,7,7,26.56,46.35,3,0.3872,1.0,0,7.9616,0.8336,6,1,airbnb
A304,2025-05-24,7,1,33.4,40.99,1,0.1666,0.4952,0,7.2966,0.2009,3,0,normal
A305,2025-05-24,3,2,41.3,67.27,2,0.7886,0.5331,0,3.4762,0.3654,1,1,suspect
A401,2025-05-24,1,0,63.17,75.58,0,0.1618,0.6091,0,1.4819,0.0824,1,0,normal
A402,2025-05-24,2,0,32.68,70.3,0,0.0415,0.329,0,1.9298,0.1563,1,0,normal
A403,2025-05-24,6,4,23.67,62.94,3,0.4708,0.8668,3,5.21,0.435,3,1,airbnb
A404,2025-05-24,1,0,22.57,46.94,1,0.5331,0.1875,0,1.2133,0.4593,1,0,normal
A405,2025-05-24,7,5,11.64,36.54,3,0.4459,0.7191,4,7.8725,0.6206,2,1,airbnb
A501,2025-05-24,3,2,15.5,31.92,2,0.8135,0.445,2,3.0821,0.4272,1,1,suspect
A502,2025-05-24,3,1,22.58,49.69,0,0.0,0.1711,0,2.8366,0.0595,2,0,normal
A503,2025-05-24,5,3,33.41,56.95,3,0.6543,0.532,2,6.3104,0.2945,1,1,suspect
A504,2025-05-24,4,2,2.0,28.03,1,0.1883,0.1322,0,5.1372,0.1368,1,0,normal
A505,2025-05-24,12,8,11.09,39.92,6,0.4843,0.6031,1,12.9062,1.0,1,1,airbnb
A601,2025-05-24,1,0,39.73,82.04,0,0.0287,0.2997,0,1.044,0.0888,1,0,normal
A602,2025-05-24,3,0,51.1,83.26,1,0.2007,0.2382,0,2.837,0.1789,1,0,normal
A603,2025-05-24,2,0,30.86,44.26,0,0.1442,0.5751,0,2.0718,0.4159,1,0,normal
A604,2025-05-24,4,2,12.96,54.55,1,0.2989,0.1776,0,4.5533,0.1998,2,0,normal
A605,2025-05-24,1,1,2.0,23.77,0,0.0722,1.0,0,1.1425,0.271,1,0,normal
A101,2025-05-25,2,0,53.7,78.64,1,0.4323,0.2826,0,2.3948,0.0719,2,0,normal
A102,2025-05-25,3,1,57.0,97.62,1,0.2796,0.0719,0,3.1328,0.1381,3,0,normal
A103,2025-05-25,4,1,47.12,71.29,2,0.5042,0.4421,0,3.5907,0.2567,4,0,normal
A104,2025-05-25,1,0,22.86,61.73,0,0.0953,0.0595,0,1.4509,0.3222,2,0,normal
A105,2025-05-25,8,8,27.63,43.33,3,0.4081,0.4811,3,9.2252,1.0,3,1,airbnb
A201,2025-05-25,3,0,38.59,56.27,1,0.306,0.4211,0,2.8257,0.0,1,0,normal
A202,2025-05-25,1,0,47.04,73.39,0,0.059,0.0918,0,1.012,0.3528,3,0,normal
A203,2025-05-25,4,3,7.22,16.31,2,0.5256,1.0,3,5.0514,0.8351,2,1,airbnb
A204,2025-05-25,1,0,46.16,90.18,0,0.1783,0.023,0,1.5898,0.0,3,0,normal
A205,2025-05-25,3,2,27.07,57.08,2,0.5584,0.2437,0,3.4421,0.3704,1,1,suspect
A301,2025-05-25,3,0,3.16,39.36,0,0.0052,0.0,0,3.0598,0.2515,1,0,normal
A302,2025-05-25,1,0,51.1,64.19,0,0.4002,0.3676,0,0.6441,0.0888,1,0,normal
A303,2025-05-25,8,8,4.45,19.34,4,0.5054,0.2558,3,8.2168,0.8849,1,1,airbnb
A304,2025-05-25,3,1,43.4,57.12,0,0.0,0.1539,0,3.408,0.003,2,0,normal
A305,2025-05-25,5,2,30.68,53.08,0,0.0,0.3615,0,6.1699,0.477,3,1,suspect
A401,2025-05-25,2,1,40.93,61.2,1,0.3046,0.1871,0,2.6569,0.0,2,0,normal
A402,2025-05-25,1,0,39.65,44.67,0,0.3642,0.1681,0,1.558,0.1459,1,0,normal
A403,2025-05-25,6,4,12.34,17.45,5,0.7798,0.6444,2,7.6223,0.7796,3,1,airbnb
A404,2025-05-25,2,0,53.21,59.09,1,0.351,0.2253,0,2.3192,0.3588,1,0,normal
A405,2025-05-25,6,6,38.97,44.19,4,0.5911,0.5595,1,6.6857,1.0,3,1,airbnb
A501,2025-05-25,1,0,29.01,42.37,1,0.637,0.0,0,1.697,0.8606,2,1,suspect
A502,2025-05-25,2,0,35.74,61.07,1,0.4942,0.729,0,2.2331,0.1987,3,0,normal
A503,2025-05-25,5,4,48.44,80.56,0,0.0513,0.288,0,5.6533,0.5423,2,1,suspect
A504,2025-05-25,1,0,38.93,59.81,0,0.2859,0.0572,1,1.2454,0.0,2,0,normal
A505,2025-05-25,4,3,17.72,43.99,1,0.2807,0.8737,2,3.8842,1.0,4,1,airbnb
A601,2025-05-25,1,0,33.68,59.38,0,0.096,0.16,0,1.0106,0.4468,2,0,normal
A602,2025-05-25,3,0,60.82,102.53,1,0.2813,0.5382,0,3.0878,0.2474,1,0,normal
A603,2025-05-25,2,0,27.02,44.04,0,0.093,0.0828,2,1.6444,0.483,2,0,normal
A604,2025-05-25,1,0,55.59,90.88,0,0.1934,0.1188,0,1.0435,0.0064,2,0,normal
A605,2025-05-25,3,0,14.42,50.45,0,0.1385,0.3892,0,4.29,0.517,1,0,normal
A101,2025-05-26,2,0,31.99,65.75,1,0.4881,0.3821,1,2.0598,0.4818,2,0,normal
A102,2025-05-26,4,2,54.88,61.13,0,0.0,0.0297,0,5.0982,0.1604,3,0,normal
A103,2025-05-26,1,0,48.99,76.07,0,0.0493,0.6287,0,1.012,0.127,1,0,normal
A104,2025-05-26,2,1,33.58,74.87,0,0.1315,0.0252,0,2.2553,0.2701,1,0,normal
A105,2025-05-26,6,5,13.53,31.27,3,0.4738,0.9956,2,6.7604,1.0,2,1,airbnb
A201,2025-05-26,2,1,2.0,18.17,0,0.0,0.3524,0,2.2984,0.2561,4,0,normal
A202,2025-05-26,2,1,16.52,26.15,0,0.0,0.0264,1,2.2742,0.0389,2,0,normal
A203,2025-05-26,4,3,7.66,42.85,1,0.1612,0.93,1,5.4133,1.0,6,1,airbnb
A204,2025-05-26,3,2,68.46,107.16,1,0.2315,0.1947,0,4.0052,0.043,1,0,normal
A205,2025-05-26,5,4,44.34,66.72,0,0.0837,0.6139,0,6.9478,0.2852,1,1,suspect
A301,2025-05-26,4,1,63.79,80.27,1,0.1684,0.4782,0,4.1891,0.2294,3,0,normal
A302,2025-05-26,3,1,35.52,45.64,2,0.5094,0.1715,0,3.0627,0.366,1,0,normal
A303,2025-05-26,2,2,24.39,66.26,1,0.7334,0.3848,3,2.3835,0.4868,5,1,airbnb
A304,2025-05-26,2,0,45.5,88.25,0,0.207,0.5798,0,2.2122,0.2343,3,0,normal
A305,2025-05-26,1,0,40.42,63.97,0,0.423,0.4125,0,1.1456,0.5813,1,1,suspect
A401,2025-05-26,1,0,66.47,74.39,0,0.3885,0.534,1,0.957,0.0,1,0,normal
A402,2025-05-26,4,2,17.99,49.1,2,0.3811,0.3198,1,3.5089,0.6009,2,0,normal
A403,2025-05-26,3,2,19.75,39.05,2,0.8296,0.5629,1,4.1659,0.6164,2,1,airbnb
A404,2025-05-26,1,0,35.84,62.73,0,0.0,0.7132,2,1.1179,0.2163,2,0,normal
A405,2025-05-26,9,3,13.9,43.84,6,0.6916,0.2022,0,10.289,0.6097,4,1,airbnb
A501,2025-05-26,11,4,37.61,76.49,5,0.4911,1.0,1,12.1152,0.7716,1,1,suspect
A502,2025-05-26,3,1,37.15,63.91,0,0.0,0.0,0,3.1119,0.1899,4,0,normal
A503,2025-05-26,2,1,35.35,77.36,1,0.6884,0.3892,0,2.1463,0.626,1,1,suspect
A504,2025-05-26,3,1,40.95,67.97,1,0.226,0.018,0,3.1594,0.0,1,0,normal
A505,2025-05-26,7,4,26.09,44.04,3,0.4758,1.0,2,8.0271,0.7108,3,1,airbnb
A601,2025-05-26,2,0,42.47,68.83,0,0.1609,0.0518,1,2.1042,0.1494,1,0,normal
A602,2025-05-26,3,1,52.31,88.71,0,0.0507,0.1624,1,3.4812,0.1899,1,0,normal
A603,2025-05-26,4,1,42.5,60.71,1,0.1556,0.5203,0,4.0051,0.2714,1,0,normal
A604,2025-05-26,4,2,18.92,32.07,1,0.1966,0.8632,0,4.5664,0.0419,2,0,normal
A605,2025-05-26,3,1,30.85,36.22,0,0.111,0.6428,0,2.9718,0.3735,1,0,normal
A101,2025-05-27,1,0,38.55,67.52,1,0.6206,0.176,2,1.2193,0.2929,1,0,normal
A102,2025-05-27,2,0,20.63,42.5,0,0.0851,0.3329,1,3.2632,0.0097,1,0,normal
A103,2025-05-27,2,0,34.42,57.05,0,0.2083,0.3528,0,3.0319,0.3786,3,0,normal
A104,2025-05-27,7,2,2.0,9.43,0,0.0,0.4307,1,6.2443,0.0496,1,0,normal
A105,2025-05-27,7,5,8.39,15.04,3,0.3958,1.0,2,6.2966,1.0,4,1,airbnb
A201,2025-05-27,4,2,2.0,20.51,1,0.1827,0.2347,0,5.2329,0.5882,1,0,normal
A202,2025-05-27,3,1,39.5,73.36,2,0.6369,0.1798,1,4.0829,0.5643,1,0,normal
A203,2025-05-27,4,3,15.71,30.7,4,0.9185,0.7775,1,4.5267,0.6559,5,1,airbnb
A204,2025-05-27,3,0,21.28,43.65,0,0.1611,0.1455,0,3.3651,0.0374,1,0,normal
A205,2025-05-27,6,4,27.06,48.79,2,0.2949,0.4375,0,7.0217,0.1878,1,1,suspect
A301,2025-05-27,2,0,20.33,36.5,0,0.2165,0.2392,0,2.5044,0.1451,1,0,normal
A302,2025-05-27,5,3,26.16,41.37,1,0.1432,0.2052,0,6.0722,0.2564,1,0,normal
A303,2025-05-27,3,2,21.13,42.9,3,0.9633,0.6151,0,2.8253,0.5152,3,1,airbnb
A304,2025-05-27,4,0,7.47,26.68,0,0.0897,0.0,0,3.9566,0.0112,3,0,normal
A305,2025-05-27,5,3,12.64,18.46,4,0.7367,1.0,2,6.1414,0.6873,1,1,suspect
A401,2025-05-27,3,1,47.49,81.55,1,0.2315,0.0,3,3.3711,0.2835,1,0,normal
A402,2025-05-27,5,0,67.83,101.16,0,0.0983,0.2352,0,5.7787,0.142,2,0,normal
A403,2025-05-27,6,6,16.59,57.95,5,0.8527,0.7581,2,6.0684,0.6113,4,1,airbnb
A404,2025-05-27,1,0,61.07,96.49,0,0.235,0.1863,0,1.0099,0.3172,1,0,normal
A405,2025-05-27,5,5,29.72,55.79,5,0.9408,0.8053,5,6.9668,1.0,3,1,airbnb
A501,2025-05-27,3,1,32.38,69.17,1,0.2524,0.7306,1,3.4373,0.6252,4,1,suspect
A502,2025-05-27,3,1,29.38,45.19,0,0.0844,0.2879,0,2.5045,0.5424,1,0,normal
A503,2025-05-27,4,1,27.34,45.6,1,0.2667,0.4991,0,2.384,0.4344,3,1,suspect
A504,2025-05-27,5,1,47.07,68.6,1,0.1933,0.7366,0,5.5745,0.3271,1,0,normal
A505,2025-05-27,4,4,23.47,64.69,2,0.5977,0.7125,1,3.6714,0.5564,2,1,airbnb
A601,2025-05-27,2,0,20.07,25.4,0,0.229,0.2517,0,3.0045,0.341,1,0,normal
A602,2025-05-27,6,1,12.52,38.92,1,0.1917,0.1769,1,5.1944,0.1261,1,0,normal
A603,2025-05-27,2,1,43.93,87.03,1,0.3552,0.3457,0,2.7921,0.286,2,0,normal
A604,2025-05-27,5,1,59.35,81.36,2,0.469,0.1895,0,4.8171,0.1914,1,0,normal
A605,2025-05-27,1,0,51.14,76.7,0,0.2062,0.3194,0,0.7327,0.6113,2,0,normal
A101,2025-05-28,2,1,2.5,25.43,1,0.4397,0.4666,0,2.3376,0.5585,1,0,normal
A102,2025-05-28,7,1,53.12,85.27,0,0.0149,0.2145,1,10.1157,0.3058,1,0,normal
A103,2025-05-28,3,0,36.94,49.81,0,0.0,0.3244,0,3.2664,0.0857,1,0,normal
A104,2025-05-28,1,1,54.22,97.26,0,0.1678,0.4431,1,1.2121,0.2113,2,0,normal
A105,2025-05-28,3,3,54.19,84.82,2,0.7053,0.2075,1,3.5703,0.4577,3,1,airbnb
A201,2025-05-28,4,3,53.2,59.69,1,0.1617,0.4245,1,4.2272,0.2098,3,0,normal
A202,2025-05-28,2,1,39.5,60.95,0,0.2438,0.2175,0,2.1429,0.2468,1,0,normal
A203,2025-05-28,2,1,19.31,62.15,1,0.3319,0.8725,1,1.8987,1.0,4,1,airbnb
A204,2025-05-28,1,0,59.84,66.69,0,0.0273,0.7077,1,1.3458,0.5098,3,0,normal
A205,2025-05-28,1,1,34.71,76.6,1,0.9335,0.4284,0,1.2916,0.2576,1,1,suspect
A301,2025-05-28,5,1,64.33,75.05,1,0.2871,0.7422,0,6.0609,0.4418,1,0,normal
A302,2025-05-28,1,0,36.71,71.22,0,0.0456,0.1805,1,0.5,0.3521,1,0,normal
A303,2025-05-28,7,7,14.43,20.43,5,0.7268,0.6973,1,7.2613,0.5869,3,1,airbnb
A304,2025-05-28,1,1,67.86,84.41,0,0.2769,0.1733,1,1.2056,0.5173,2,0,normal
A305,2025-05-28,6,3,14.2,39.03,1,0.1952,0.7409,0,6.2287,0.1551,2,1,suspect
A401,2025-05-28,5,0,47.58,75.76,1,0.2374,0.9465,0,5.4224,0.1725,2,0,normal
A402,2025-05-28,3,1,17.8,35.24,0,0.1342,0.4401,0,3.5221,0.0243,1,0,normal
A403,2025-05-28,8,8,5.83,23.67,8,1.0,0.5331,0,9.85,0.3628,4,1,airbnb
A404,2025-05-28,3,1,57.99,91.99,0,0.1139,0.5791,0,3.6086,0.166,2,0,normal
A405,2025-05-28,4,3,2.7,38.55,4,1.0,0.6304,1,4.0077,0.9669,4,1,airbnb
A501,2025-05-28,3,2,37.35,59.7,2,0.6408,0.4823,0,3.5281,0.1048,3,1,suspect
A502,2025-05-28,4,0,55.87,100.32,1,0.2426,0.0354,0,4.0752,0.5868,1,0,normal
A503,2025-05-28,3,1,26.79,42.87,1,0.2969,0.2323,0,3.8762,1.0,1,1,suspect
A504,2025-05-28,1,0,25.46,57.1,0,0.1964,0.211,0,1.3918,0.235,1,0,normal
A505,2025-05-28,4,2,10.49,41.38,3,0.7041,0.6555,2,4.1444,0.745,3,1,airbnb
A601,2025-05-28,2,0,40.06,72.58,0,0.1447,0.6938,1,2.3605,0.5779,1,0,normal
A602,2025-05-28,3,1,43.04,51.34,0,0.0,0.2069,1,3.3989,0.0325,1,0,normal
A603,2025-05-28,4,0,44.89,69.43,0,0.0675,0.2972,1,5.1791,0.0,3,0,normal
A604,2025-05-28,4,0,29.23,73.2,1,0.3145,0.3484,1,3.8096,0.473,2,0,normal
A605,2025-05-28,6,1,30.11,48.56,0,0.0,0.1367,0,6.4859,0.0545,1,0,normal
A101,2025-05-29,2,1,40.29,78.34,0,0.1003,0.3898,0,2.4128,0.1144,3,0,normal
A102,2025-05-29,1,0,36.69,79.81,0,0.4171,0.8043,0,1.145,0.3685,1,0,normal
A103,2025-05-29,2,1,35.45,75.91,0,0.0688,0.3998,2,2.599,0.0129,2,0,normal
A104,2025-05-29,1,0,72.86,95.61,0,0.311,0.031,3,0.813,0.3935,1,0,normal
A105,2025-05-29,7,6,32.3,63.13,6,0.9207,0.8752,2,6.5819,0.7206,2,1,airbnb
A201,2025-05-29,2,1,41.75,74.79,0,0.1168,0.5562,0,2.3402,0.4604,1,0,normal
A202,2025-05-29,4,0,32.94,71.07,0,0.0,0.743,0,4.7301,0.4367,1,0,normal
A203,2025-05-29,7,2,8.32,14.7,4,0.616,0.825,4,7.5351,0.8072,2,1,airbnb
A204,2025-05-29,3,0,2.15,13.73,1,0.2331,0.7384,0,3.27,0.3833,2,0,normal
A205,2025-05-29,5,3,2.04,17.74,1,0.283,0.4136,0,5.412,0.7353,1,1,suspect
A301,2025-05-29,3,1,37.48,77.44,1,0.3058,0.5533,0,3.7467,0.1707,2,0,normal
A302,2025-05-29,4,0,55.87,97.42,2,0.496,0.4861,0,4.0021,0.0209,1,0,normal
A303,2025-05-29,11,10,9.43,17.65,8,0.7295,0.7753,2,8.3829,0.4773,2,1,airbnb
A304,2025-05-29,1,0,38.42,58.94,0,0.0921,0.532,0,1.0613,0.0567,1,0,normal
A305,2025-05-29,2,1,45.01,67.49,0,0.2066,0.6377,0,2.1997,0.5887,1,1,suspect
A401,2025-05-29,1,0,25.66,48.32,0,0.223,0.139,0,1.1168,0.1191,2,0,normal
A402,2025-05-29,3,0,32.5,76.98,2,0.5018,0.3749,1,2.9503,0.1813,2,0,normal
A403,2025-05-29,3,2,20.39,36.64,2,0.5897,0.8621,0,3.1104,0.5461,4,1,airbnb
A404,2025-05-29,1,0,63.19,106.29,1,1.0,0.6985,0,1.0442,0.3583,1,0,normal
A405,2025-05-29,6,6,18.36,57.97,4,0.6,0.7198,1,5.4598,0.6377,1,1,airbnb
A501,2025-05-29,4,3,29.22,39.0,1,0.217,0.787,2,4.4514,0.8108,2,1,suspect
A502,2025-05-29,1,0,22.76,56.75,0,0.388,0.0765,0,1.0599,0.4127,1,0,normal
A503,2025-05-29,6,4,30.49,50.27,1,0.1221,0.206,4,6.0265,0.5294,1,1,suspect
A504,2025-05-29,2,0,23.64,44.66,1,0.4658,0.4984,0,1.7583,0.0328,1,0,normal
A505,2025-05-29,9,8,22.22,62.31,9,0.9568,0.597,0,10.6901,1.0,2,1,airbnb
A601,2025-05-29,3,1,46.94,58.83,1,0.3143,0.3052,2,2.7244,0.3478,2,0,normal
A602,2025-05-29,2,0,45.4,56.36,0,0.0,0.3267,1,2.2376,0.439,2,0,normal
A603,2025-05-29,5,0,38.21,45.76,2,0.4711,0.4534,0,4.9574,0.5151,3,0,normal
A604,2025-05-29,3,1,57.82,86.08,0,0.0,0.4407,0,2.9513,0.3498,1,0,normal
A605,2025-05-29,3,1,26.72,65.47,0,0.1482,0.3687,0,2.6424,0.2865,1,0,normal
A101,2025-05-30,2,0,41.5,62.32,1,0.3327,0.1297,0,2.6393,0.2292,1,0,normal
A102,2025-05-30,3,1,63.19,75.14,0,0.1601,0.1789,0,2.713,0.1606,1,0,normal
A103,2025-05-30,7,0,47.33,83.48,1,0.117,0.5236,0,7.65,0.2234,2,0,normal
A104,2025-05-30,4,2,64.43,89.28,2,0.3845,0.2859,0,3.9002,0.2013,1,0,normal
A105,2025-05-30,7,7,32.23,65.88,6,0.8166,0.5539,4,7.864,0.5013,2,1,airbnb
A201,2025-05-30,5,1,39.23,65.99,2,0.3088,0.0,0,5.7072,0.0777,1,0,normal
A202,2025-05-30,4,1,2.0,25.73,0,0.0768,0.2208,0,4.3512,0.3596,1,0,normal
A203,2025-05-30,4,2,12.89,41.69,3,0.7059,1.0,5,4.7159,0.9681,1,1,airbnb
A204,2025-05-30,2,0,46.92,87.46,0,0.2404,0.1305,0,2.4257,0.3722,1,0,normal
A205,2025-05-30,2,1,21.57,58.47,1,0.3269,0.714,2,3.3533,0.394,2,1,suspect
A301,2025-05-30,3,1,56.63,75.77,0,0.0,0.1632,0,3.3522,0.4072,3,0,normal
A302,2025-05-30,3,1,10.46,40.16,0,0.0784,0.2725,0,3.2384,0.3886,1,0,normal
A303,2025-05-30,10,9,33.05,65.63,9,0.9326,0.873,1,10.9544,0.7006,4,1,airbnb
A304,2025-05-30,4,1,18.41,33.94,0,0.0572,0.3658,0,4.9688,0.4534,1,0,normal
A305,2025-05-30,3,2,23.34,55.0,3,0.9566,0.0724,0,3.0804,0.6691,3,1,suspect
A401,2025-05-30,1,0,48.0,68.97,0,0.0,0.3549,0,1.0267,0.1343,2,0,normal
A402,2025-05-30,2,0,65.93,78.22,1,0.4195,0.0352,0,2.1198,0.0214,1,0,normal
A403,2025-05-30,3,1,11.83,31.86,1,0.4652,0.7458,2,5.649,0.6294,9,1,airbnb
A404,2025-05-30,2,1,30.67,65.46,0,0.0782,0.0146,0,2.2381,0.3903,3,0,normal
A405,2025-05-30,11,7,16.27,37.09,5,0.4093,0.7904,0,11.7227,0.6574,2,1,airbnb
A501,2025-05-30,3,2,20.95,36.09,0,0.0983,0.1001,0,3.1825,0.4451,2,1,suspect
A502,2025-05-30,2,0,42.55,76.56,0,0.1397,0.2653,0,2.4444,0.0394,1,0,normal
A503,2025-05-30,4,2,31.78,50.81,1,0.1493,0.8593,0,4.5891,0.4819,2,1,suspect
A504,2025-05-30,2,0,46.3,63.91,1,0.2702,0.4687,2,2.0017,0.2253,1,0,normal
A505,2025-05-30,9,3,21.39,35.06,7,0.7383,1.0,0,9.9703,0.7451,3,1,airbnb
A601,2025-05-30,3,1,39.16,72.37,0,0.003,0.5707,0,4.1935,0.2361,1,0,normal
A602,2025-05-30,4,2,25.99,65.14,1,0.2907,0.3412,1,4.388,0.351,2,0,normal
A603,2025-05-30,3,1,2.0,43.75,0,0.0354,0.0974,0,3.3397,0.1589,2,0,normal
A604,2025-05-30,3,1,24.7,64.0,0,0.0,0.6546,0,3.4837,0.0751,2,0,normal
A605,2025-05-30,2,1,73.29,92.66,1,0.3188,0.3973,0,1.7403,0.7386,1,0,normal
