apartment_id,date,profile,label,floor,unit,is_weekend,total_unique_visitors,unknown_visitor_count,avg_visit_duration_min,max_visit_duration_min,luggage_event_count,luggage_visitor_ratio,peak_hour_event_ratio,night_entry_count,entries_per_day,visitor_turnover_rate,max_concurrent_visitors
A101,2025-05-01,normal,0,1,1,0,2,1,46.47,65.72,0,0.0047,0.1305,0,2.4351,0.0545,1
A102,2025-05-01,normal,0,1,2,0,2,0,60.85,66.8,0,0.0614,0.4353,1,2.1769,0.0381,1
A103,2025-05-01,normal,0,1,3,0,3,0,29.83,53.91,0,0.0711,0.2897,0,3.3904,0.1203,2
A104,2025-05-01,normal,0,1,4,0,3,1,48.61,85.55,0,0.0333,0.2477,0,3.0739,0.0505,1
A105,2025-05-01,airbnb,1,1,5,0,9,6,2.0,38.14,7,0.8148,0.9262,4,11.3479,0.8216,3
A201,2025-05-01,normal,0,2,1,0,3,1,63.54,97.76,0,0.04,0.16,0,2.6849,0.1041,1
A202,2025-05-01,normal,0,2,2,0,3,0,12.71,46.26,0,0.0,0.1996,0,3.6246,0.1221,1
A203,2025-05-01,airbnb,1,2,3,0,6,5,12.14,47.99,3,0.4966,0.675,2,7.7476,0.9018,2
A204,2025-05-01,normal,0,2,4,0,2,0,16.65,58.71,0,0.0837,0.2446,1,2.2132,0.0219,1
A205,2025-05-01,suspect,1,2,5,0,3,2,35.27,76.56,1,0.3082,0.3697,1,3.4281,0.8521,1
A301,2025-05-01,normal,0,3,1,0,2,0,34.93,58.31,0,0.1443,0.1415,0,2.2204,0.1388,2
A302,2025-05-01,normal,0,3,2,0,2,0,38.52,82.68,0,0.0712,0.1636,0,1.5288,0.0377,1
A303,2025-05-01,airbnb,1,3,3,0,8,6,26.92,48.26,5,0.6674,0.6788,2,10.3843,0.6514,4
A304,2025-05-01,normal,0,3,4,0,3,1,43.18,78.87,0,0.1223,0.2476,0,3.0179,0.0286,1
A305,2025-05-01,suspect,1,3,5,0,2,1,38.08,63.75,1,0.3298,0.3795,0,2.4377,0.5159,1
A401,2025-05-01,normal,0,4,1,0,2,0,21.18,63.25,0,0.0252,0.6117,0,1.9219,0.0211,1
A402,2025-05-01,normal,0,4,2,0,2,0,45.47,66.09,0,0.0,0.3518,0,2.7147,0.0971,2
A403,2025-05-01,airbnb,1,4,3,0,14,12,13.23,45.12,4,0.2958,0.7038,1,15.2193,0.7642,4
A404,2025-05-01,normal,0,4,4,0,4,1,35.49,53.49,0,0.115,0.5636,0,4.6697,0.2025,1
A405,2025-05-01,airbnb,1,4,5,0,7,6,10.87,20.83,4,0.6424,0.7691,5,8.2872,0.5726,6
A501,2025-05-01,suspect,1,5,1,0,4,3,10.53,39.96,2,0.6116,0.3759,0,4.4855,0.6086,1
A502,2025-05-01,normal,0,5,2,0,2,0,42.34,74.32,0,0.1753,0.2113,0,1.8482,0.1706,1
A503,2025-05-01,suspect,1,5,3,0,7,4,34.61,70.34,1,0.2142,0.2905,0,8.7914,0.8931,1
A504,2025-05-01,normal,0,5,4,0,1,0,65.42,70.72,0,0.0123,0.3915,0,0.9185,0.0074,1
A505,2025-05-01,airbnb,1,5,5,0,6,3,12.91,54.66,6,0.9214,0.8907,1,6.7025,0.8578,3
A601,2025-05-01,normal,0,6,1,0,3,0,41.95,71.69,0,0.012,0.4222,0,3.224,0.0786,2
A602,2025-05-01,normal,0,6,2,0,2,0,43.5,81.24,0,0.0557,0.4713,0,2.035,0.1366,1
A603,2025-05-01,normal,0,6,3,0,2,1,67.1,86.1,0,0.172,0.191,0,2.3029,0.0122,1
A604,2025-05-01,normal,0,6,4,0,1,0,57.41,69.49,0,0.2167,0.0694,0,1.2749,0.0277,2
A605,2025-05-01,normal,0,6,5,0,3,0,55.03,64.31,1,0.1679,0.2355,0,3.4743,0.0335,2
A101,2025-05-02,normal,0,1,1,1,3,0,42.46,67.45,0,0.0441,0.3405,0,2.8858,0.0755,1
A102,2025-05-02,normal,0,1,2,1,3,0,28.74,48.52,0,0.0,0.337,0,3.5465,0.0594,1
A103,2025-05-02,normal,0,1,3,1,2,0,26.93,42.95,0,0.0737,0.0983,0,2.2307,0.1578,1
A104,2025-05-02,normal,0,1,4,1,3,1,59.91,91.12,0,0.0567,0.2212,0,3.0169,0.0224,1
A105,2025-05-02,airbnb,1,1,5,1,9,6,22.26,41.35,6,0.6449,0.8586,1,8.8948,0.8546,1
A201,2025-05-02,normal,0,2,1,1,3,0,6.33,18.06,0,0.0496,0.2545,0,3.9327,0.0683,1
A202,2025-05-02,normal,0,2,2,1,3,1,50.37,61.3,0,0.0601,0.5548,0,3.2062,0.0,1
A203,2025-05-02,airbnb,1,2,3,1,9,9,22.86,34.73,7,0.8141,0.8948,1,9.3789,0.4361,1
A204,2025-05-02,normal,0,2,4,1,1,0,41.2,67.1,0,0.0707,0.2663,0,1.2223,0.0036,1
A205,2025-05-02,suspect,1,2,5,1,4,2,34.44,58.73,1,0.3304,0.4284,1,4.5903,0.47,2
A301,2025-05-02,normal,0,3,1,1,1,0,41.75,53.87,0,0.0572,0.2259,0,1.3567,0.0846,2
A302,2025-05-02,normal,0,3,2,1,2,1,26.67,37.97,0,0.0041,0.2514,0,2.2601,0.0,1
A303,2025-05-02,airbnb,1,3,3,1,9,8,19.96,27.83,5,0.6089,0.9622,4,8.0563,0.7895,5
A304,2025-05-02,normal,0,3,4,1,2,0,33.46,75.34,0,0.0291,0.3101,0,2.3445,0.2517,1
A305,2025-05-02,suspect,1,3,5,1,8,4,12.64,47.39,3,0.4228,0.4645,1,9.1586,0.5512,1
A401,2025-05-02,normal,0,4,1,1,1,0,33.87,49.4,0,0.0246,0.2869,0,1.2059,0.2005,1
A402,2025-05-02,normal,0,4,2,1,3,0,26.89,47.59,0,0.0019,0.0528,0,2.9452,0.0124,2
A403,2025-05-02,airbnb,1,4,3,1,11,9,8.72,43.02,6,0.5032,0.7104,4,13.0801,0.5616,5
A404,2025-05-02,normal,0,4,4,1,3,0,41.1,67.36,0,0.1298,0.1132,0,3.2232,0.0703,1
A405,2025-05-02,airbnb,1,4,5,1,10,9,32.72,52.69,7,0.6813,0.4145,1,11.4635,1.0,3
A501,2025-05-02,suspect,1,5,1,1,6,3,28.11,54.57,2,0.3045,0.3266,1,7.4649,0.2424,2
A502,2025-05-02,normal,0,5,2,1,1,0,23.44,30.27,0,0.3468,0.3147,1,1.0151,0.0779,1
A503,2025-05-02,suspect,1,5,3,1,3,2,19.22,45.24,2,0.6106,0.4228,0,2.8937,0.4051,3
A504,2025-05-02,normal,0,5,4,1,2,0,51.63,58.91,0,0.0299,0.1293,0,1.9384,0.222,1
A505,2025-05-02,airbnb,1,5,5,1,8,7,21.18,41.22,5,0.57,0.9458,0,8.6927,0.8466,3
A601,2025-05-02,normal,0,6,1,1,3,0,33.2,52.06,0,0.0333,0.1046,0,3.7458,0.0461,1
A602,2025-05-02,normal,0,6,2,1,4,1,23.26,53.53,0,0.0713,0.1258,0,4.1799,0.133,1
A603,2025-05-02,normal,0,6,3,1,3,0,48.06,78.3,0,0.0296,0.7089,0,3.6156,0.0677,1
A604,2025-05-02,normal,0,6,4,1,2,0,32.73,48.53,0,0.0717,0.0203,0,1.9783,0.0481,2
A605,2025-05-02,normal,0,6,5,1,3,0,33.37,68.3,0,0.0137,0.6352,0,3.5188,0.0588,1
A101,2025-05-03,normal,0,1,1,1,1,0,23.03,37.25,0,0.0884,0.4085,0,1.1696,0.2227,1
A102,2025-05-03,normal,0,1,2,1,3,0,37.7,52.22,0,0.0879,0.2071,0,3.4391,0.163,1
A103,2025-05-03,normal,0,1,3,1,2,0,50.08,76.46,0,0.0,0.3604,0,2.4476,0.0658,2
A104,2025-05-03,normal,0,1,4,1,1,0,64.53,107.61,0,0.2246,0.2679,0,1.3368,0.1346,1
A105,2025-05-03,airbnb,1,1,5,1,12,11,14.14,49.44,8,0.6452,0.7689,0,12.8876,0.9103,2
A201,2025-05-03,normal,0,2,1,1,2,0,25.19,36.76,0,0.1621,0.4976,0,2.4585,0.1556,1
A202,2025-05-03,normal,0,2,2,1,2,0,11.63,36.12,0,0.0543,0.1652,0,2.2333,0.0452,1
A203,2025-05-03,airbnb,1,2,3,1,7,6,16.46,52.0,4,0.572,0.5495,2,8.6123,0.8245,4
A204,2025-05-03,normal,0,2,4,1,1,0,47.37,65.96,0,0.0212,0.6603,0,1.0865,0.0632,1
A205,2025-05-03,suspect,1,2,5,1,7,4,24.66,50.42,1,0.1804,0.3768,1,7.5376,0.5757,3
A301,2025-05-03,normal,0,3,1,1,2,0,49.63,82.3,0,0.0684,0.2598,1,1.9922,0.1103,2
A302,2025-05-03,normal,0,3,2,1,2,0,49.59,64.37,0,0.0031,0.2317,1,2.2005,0.0275,1
A303,2025-05-03,airbnb,1,3,3,1,6,5,21.43,54.32,3,0.5549,0.7302,3,6.5151,0.7184,1
A304,2025-05-03,normal,0,3,4,1,4,0,44.17,62.33,0,0.0067,0.199,1,4.4203,0.008,2
A305,2025-05-03,suspect,1,3,5,1,5,3,26.1,34.61,2,0.4876,0.2132,0,5.6179,0.5944,3
A401,2025-05-03,normal,0,4,1,1,2,0,56.53,99.28,0,0.0,0.4557,0,2.0249,0.0488,2
A402,2025-05-03,normal,0,4,2,1,1,0,69.42,91.4,0,0.0516,0.1405,0,1.0932,0.1447,2
A403,2025-05-03,airbnb,1,4,3,1,10,7,13.46,47.75,6,0.5671,1.0,2,10.9895,1.0,2
A404,2025-05-03,normal,0,4,4,1,2,0,25.26,46.04,0,0.1025,0.1902,1,2.2226,0.0297,1
A405,2025-05-03,airbnb,1,4,5,1,9,7,3.01,39.19,7,0.8247,0.6765,4,8.6874,0.8831,1
A501,2025-05-03,suspect,1,5,1,1,6,4,22.08,41.81,1,0.1079,0.4463,0,6.4175,0.8223,2
A502,2025-05-03,normal,0,5,2,1,1,0,39.91,62.11,0,0.2104,0.0811,0,1.1396,0.0171,1
A503,2025-05-03,suspect,1,5,3,1,3,1,8.55,23.01,0,0.162,0.5696,2,3.4568,0.8213,1
A504,2025-05-03,normal,0,5,4,1,2,1,22.82,53.86,0,0.1437,0.2466,1,2.176,0.0,1
A505,2025-05-03,airbnb,1,5,5,1,8,6,7.66,21.54,7,0.8859,0.4361,3,8.7814,0.5805,2
A601,2025-05-03,normal,0,6,1,1,2,1,26.43,43.29,0,0.0204,0.4851,1,4.2536,0.1811,1
A602,2025-05-03,normal,0,6,2,1,2,0,36.17,75.8,0,0.0466,0.1398,0,2.2484,0.0712,2
A603,2025-05-03,normal,0,6,3,1,2,0,47.96,55.4,0,0.0,0.4134,0,2.3657,0.3738,1
A604,2025-05-03,normal,0,6,4,1,3,1,35.84,61.77,0,0.0493,0.1167,0,3.6097,0.174,2
A605,2025-05-03,normal,0,6,5,1,3,0,12.84,26.39,1,0.2388,0.1761,1,3.7456,0.0304,1
A101,2025-05-04,normal,0,1,1,1,1,0,46.9,67.16,0,0.0,0.41,0,1.2375,0.0086,2
A102,2025-05-04,normal,0,1,2,1,1,0,36.8,53.85,0,0.0483,0.1221,0,1.097,0.0317,1
A103,2025-05-04,normal,0,1,3,1,2,1,49.94,58.85,0,0.1192,0.2681,0,1.9804,0.0394,1
A104,2025-05-04,normal,0,1,4,1,2,0,67.35,104.91,0,0.0903,0.3595,0,2.1472,0.0117,1
A105,2025-05-04,airbnb,1,1,5,1,10,5,17.05,22.69,7,0.685,0.4992,1,14.0006,0.8405,2
A201,2025-05-04,normal,0,2,1,1,2,0,41.24,66.77,0,0.0148,0.1608,0,2.0444,0.0415,2
A202,2025-05-04,normal,0,2,2,1,3,0,53.39,82.7,0,0.1115,0.6579,0,3.4026,0.2658,1
A203,2025-05-04,airbnb,1,2,3,1,10,9,24.06,47.59,8,0.8254,0.6994,1,11.8418,0.7338,3
A204,2025-05-04,normal,0,2,4,1,1,0,52.3,96.95,0,0.3383,0.3997,0,0.8812,0.11,1
A205,2025-05-04,suspect,1,2,5,1,4,1,24.84,55.25,1,0.2399,0.4954,5,5.3717,0.4807,1
A301,2025-05-04,normal,0,3,1,1,2,0,46.02,60.49,0,0.0342,0.0304,0,2.2343,0.0451,1
A302,2025-05-04,normal,0,3,2,1,1,0,36.21,54.4,0,0.4029,0.3888,0,1.192,0.024,1
A303,2025-05-04,airbnb,1,3,3,1,8,7,11.52,33.64,8,1.0,0.862,0,7.9576,0.8366,2
A304,2025-05-04,normal,0,3,4,1,3,0,61.54,78.59,0,0.0704,0.2567,0,3.8115,0.1777,1
A305,2025-05-04,suspect,1,3,5,1,5,2,28.21,60.99,2,0.4824,0.38,0,4.9629,0.7641,1
A401,2025-05-04,normal,0,4,1,1,3,0,35.28,58.56,0,0.073,0.2931,0,3.5516,0.0168,1
A402,2025-05-04,normal,0,4,2,1,2,0,40.87,72.47,0,0.0491,0.5303,0,2.0501,0.1636,1
A403,2025-05-04,airbnb,1,4,3,1,17,15,34.95,49.69,13,0.7354,0.4164,3,15.4001,1.0,4
A404,2025-05-04,normal,0,4,4,1,3,0,69.74,77.29,0,0.0152,0.458,0,3.4503,0.0158,2
A405,2025-05-04,airbnb,1,4,5,1,10,6,13.29,27.07,7,0.6836,0.6906,2,11.7815,0.673,1
A501,2025-05-04,suspect,1,5,1,1,6,2,32.08,40.51,2,0.3745,0.6893,0,6.847,0.6778,1
A502,2025-05-04,normal,0,5,2,1,1,0,27.45,56.75,0,0.0264,0.3746,0,0.973,0.0314,1
A503,2025-05-04,suspect,1,5,3,1,8,6,28.14,36.04,2,0.2813,0.6536,0,10.6046,0.281,2
A504,2025-05-04,normal,0,5,4,1,2,0,25.36,47.59,1,0.3799,0.4537,0,2.2848,0.0014,1
A505,2025-05-04,airbnb,1,5,5,1,14,12,17.88,28.56,8,0.5572,0.6343,1,15.9705,0.7668,2
A601,2025-05-04,normal,0,6,1,1,2,0,47.89,89.63,0,0.0043,0.571,0,2.3302,0.2425,1
A602,2025-05-04,normal,0,6,2,1,3,0,33.19,62.92,1,0.2051,0.2727,0,3.6225,0.2993,1
A603,2025-05-04,normal,0,6,3,1,1,0,31.9,38.66,0,0.019,0.2524,1,1.073,0.0231,1
A604,2025-05-04,normal,0,6,4,1,2,1,34.66,45.07,0,0.2051,0.2113,0,1.9659,0.0379,1
A605,2025-05-04,normal,0,6,5,1,2,0,41.32,71.18,0,0.0202,0.2453,0,2.416,0.2636,2
A101,2025-05-05,normal,0,1,1,0,1,0,69.97,108.04,0,0.0585,0.2241,0,1.0768,0.0447,1
A102,2025-05-05,normal,0,1,2,0,3,1,35.35,45.13,0,0.0658,0.1171,1,3.9834,0.1637,1
A103,2025-05-05,normal,0,1,3,0,3,0,29.2,69.38,0,0.0163,0.1947,0,3.4125,0.0517,1
A104,2025-05-05,normal,0,1,4,0,1,0,38.58,48.18,0,0.0372,0.128,0,1.1694,0.1035,1
A105,2025-05-05,airbnb,1,1,5,0,7,5,10.87,27.32,4,0.572,0.8132,4,8.4568,0.5692,3
A201,2025-05-05,normal,0,2,1,0,2,0,62.87,106.17,0,0.0655,0.2683,1,2.3625,0.2956,1
A202,2025-05-05,normal,0,2,2,0,2,0,37.7,63.48,0,0.0174,0.1827,0,2.0113,0.3393,1
A203,2025-05-05,airbnb,1,2,3,0,10,8,15.31,41.31,7,0.7231,0.2961,0,10.4429,0.6965,5
A204,2025-05-05,normal,0,2,4,0,2,0,41.11,70.61,1,0.2664,0.182,0,1.8345,0.0349,1
A205,2025-05-05,suspect,1,2,5,0,6,3,29.08,66.89,1,0.2412,0.3203,0,6.5458,0.3057,2
A301,2025-05-05,normal,0,3,1,0,3,0,56.66,90.19,1,0.1827,0.5062,2,3.7654,0.144,1
A302,2025-05-05,normal,0,3,2,0,2,0,59.47,87.53,1,0.2578,0.0649,1,2.2147,0.4554,1
A303,2025-05-05,airbnb,1,3,3,0,8,6,7.24,40.71,6,0.7267,0.8646,0,7.8722,0.8151,5
A304,2025-05-05,normal,0,3,4,0,2,0,41.87,70.12,0,0.1036,0.5539,0,1.8594,0.0256,1
A305,2025-05-05,suspect,1,3,5,0,2,1,19.74,49.92,1,0.5126,0.2821,0,2.0949,0.3628,2
A401,2025-05-05,normal,0,4,1,0,2,0,62.64,78.39,0,0.0086,0.1232,2,2.3078,0.0676,1
A402,2025-05-05,normal,0,4,2,0,2,0,28.25,54.53,0,0.0523,0.0641,0,1.7427,0.0064,1
A403,2025-05-05,airbnb,1,4,3,0,7,5,32.89,55.36,4,0.6094,0.7358,5,7.4066,0.6667,3
A404,2025-05-05,normal,0,4,4,0,1,0,79.66,95.5,0,0.0885,0.0058,2,1.1321,0.0622,1
A405,2025-05-05,airbnb,1,4,5,0,8,8,33.21,73.68,8,0.9984,0.9112,5,9.5649,0.5678,5
A501,2025-05-05,suspect,1,5,1,0,4,2,19.31,58.02,1,0.3308,0.703,2,4.1667,0.7691,1
A502,2025-05-05,normal,0,5,2,0,2,0,47.53,62.19,0,0.0532,0.2774,0,2.0831,0.1422,2
A503,2025-05-05,suspect,1,5,3,0,6,3,45.0,71.6,2,0.3538,0.4778,3,6.4561,0.6594,1
A504,2025-05-05,normal,0,5,4,0,2,1,40.27,84.47,0,0.1417,0.2946,1,2.1887,0.119,1
A505,2025-05-05,airbnb,1,5,5,0,8,6,35.2,47.05,7,0.932,0.6703,1,8.3427,0.8459,1
A601,2025-05-05,normal,0,6,1,0,3,0,31.4,75.41,0,0.0338,0.0478,0,2.842,0.0324,1
A602,2025-05-05,normal,0,6,2,0,3,1,41.33,53.02,0,0.0,0.6864,0,3.1708,0.1486,3
A603,2025-05-05,normal,0,6,3,0,3,0,46.67,76.54,0,0.0261,0.3275,1,3.1987,0.1941,1
A604,2025-05-05,normal,0,6,4,0,3,1,34.95,43.3,0,0.0564,0.3988,0,3.0142,0.0841,1
A605,2025-05-05,normal,0,6,5,0,2,0,59.63,69.2,0,0.0208,0.2736,0,2.2657,0.0252,1
A101,2025-05-06,normal,0,1,1,0,2,0,37.26,43.86,0,0.0175,0.0793,0,2.4658,0.0,2
A102,2025-05-06,normal,0,1,2,0,3,0,41.01,66.39,0,0.0745,0.2862,0,3.1765,0.0806,1
A103,2025-05-06,normal,0,1,3,0,3,0,78.8,116.02,1,0.1883,0.2814,0,3.1608,0.1106,1
A104,2025-05-06,normal,0,1,4,0,2,0,30.11,58.73,0,0.0585,0.487,0,2.0922,0.0706,1
A105,2025-05-06,airbnb,1,1,5,0,9,9,23.13,40.25,7,0.7596,0.2793,0,10.996,0.8567,4
A201,2025-05-06,normal,0,2,1,0,2,0,33.79,73.68,0,0.0768,0.1727,0,2.2796,0.0049,1
A202,2025-05-06,normal,0,2,2,0,3,0,58.36,93.61,1,0.176,0.2311,0,3.4777,0.1306,2
A203,2025-05-06,airbnb,1,2,3,0,11,6,28.86,60.61,9,0.8026,1.0,2,11.1577,0.8759,4
A204,2025-05-06,normal,0,2,4,0,2,0,58.66,79.06,0,0.1074,0.0829,0,1.9336,0.3262,1
A205,2025-05-06,suspect,1,2,5,0,4,1,37.35,61.13,2,0.4726,0.7737,0,4.5757,0.9966,1
A301,2025-05-06,normal,0,3,1,0,3,1,42.68,70.93,0,0.0123,0.2391,1,4.0886,0.2402,1
A302,2025-05-06,normal,0,3,2,0,2,0,39.8,79.52,0,0.164,0.161,0,2.2864,0.0406,2
A303,2025-05-06,airbnb,1,3,3,0,6,5,14.67,53.2,3,0.5204,0.8585,4,6.614,1.0,3
A304,2025-05-06,normal,0,3,4,0,2,0,49.19,76.64,0,0.0,0.1917,0,2.0947,0.2018,2
A305,2025-05-06,suspect,1,3,5,0,2,1,17.9,48.49,1,0.468,0.5877,1,2.1151,0.3512,3
A401,2025-05-06,normal,0,4,1,0,4,2,40.75,78.07,1,0.2458,0.3517,0,4.3861,0.0513,1
A402,2025-05-06,normal,0,4,2,0,3,1,40.86,62.44,0,0.0851,0.2464,0,3.0685,0.0126,1
A403,2025-05-06,airbnb,1,4,3,0,10,8,8.89,30.39,8,0.8343,0.441,0,10.4781,1.0,1
A404,2025-05-06,normal,0,4,4,0,4,0,30.95,65.04,0,0.0745,0.4363,0,4.5231,0.026,1
A405,2025-05-06,airbnb,1,4,5,0,11,9,18.32,53.24,8,0.7625,0.7645,7,13.3059,0.8594,3
A501,2025-05-06,suspect,1,5,1,0,9,5,15.8,35.07,4,0.4247,0.3119,1,9.4294,0.6445,1
A502,2025-05-06,normal,0,5,2,0,3,1,57.79,72.85,0,0.0259,0.7333,1,3.5434,0.0673,2
A503,2025-05-06,suspect,1,5,3,0,4,3,35.24,45.43,2,0.4631,0.3484,2,4.7705,0.4891,1
A504,2025-05-06,normal,0,5,4,0,3,1,27.74,52.8,0,0.0433,0.1161,1,3.0899,0.1974,1
A505,2025-05-06,airbnb,1,5,5,0,5,4,29.85,36.13,3,0.5999,0.7446,0,5.465,0.6518,2
A601,2025-05-06,normal,0,6,1,0,3,1,55.9,75.67,0,0.0394,0.3298,0,3.3459,0.0927,2
A602,2025-05-06,normal,0,6,2,0,2,1,35.54,79.46,0,0.121,0.5173,0,1.9,0.0238,1
A603,2025-05-06,normal,0,6,3,0,2,0,24.29,51.77,0,0.072,0.3182,0,2.2451,0.0507,1
A604,2025-05-06,normal,0,6,4,0,3,0,48.51,56.54,0,0.0217,0.0703,0,3.1391,0.0364,2
A605,2025-05-06,normal,0,6,5,0,3,1,24.24,62.59,1,0.2026,0.1006,0,3.6246,0.1374,1
A101,2025-05-07,normal,0,1,1,0,3,1,90.0,100.44,0,0.0,0.2583,0,2.6487,0.2058,1
A102,2025-05-07,normal,0,1,2,0,3,0,25.8,52.61,0,0.1205,0.3753,0,3.1858,0.0134,1
A103,2025-05-07,normal,0,1,3,0,2,0,28.94,70.47,0,0.0164,0.1492,0,2.2481,0.2556,1
A104,2025-05-07,normal,0,1,4,0,3,1,40.04,62.27,0,0.0,0.288,0,2.958,0.2423,1
A105,2025-05-07,airbnb,1,1,5,0,13,11,11.04,20.47,8,0.6113,0.7146,2,14.7823,0.5686,4
A201,2025-05-07,normal,0,2,1,0,3,0,21.21,51.56,0,0.0756,0.5337,0,3.2898,0.1461,1
A202,2025-05-07,normal,0,2,2,0,2,0,73.26,98.5,0,0.0684,0.4976,0,1.8105,0.015,2
A203,2025-05-07,airbnb,1,2,3,0,6,4,18.34,36.19,2,0.3958,0.7812,0,6.8282,0.88,4
A204,2025-05-07,normal,0,2,4,0,3,0,50.14,73.08,0,0.0196,0.5091,0,3.1618,0.0949,1
A205,2025-05-07,suspect,1,2,5,0,3,1,19.52,57.56,0,0.1468,0.7734,0,2.0986,0.4929,3
A301,2025-05-07,normal,0,3,1,0,1,0,22.44,31.16,0,0.0526,0.0499,1,1.0819,0.1084,1
A302,2025-05-07,normal,0,3,2,0,2,0,21.34,62.74,0,0.0921,0.1908,0,1.9242,0.2373,1
A303,2025-05-07,airbnb,1,3,3,0,13,10,17.85,43.84,6,0.4779,1.0,1,13.6855,0.9227,1
A304,2025-05-07,normal,0,3,4,0,2,1,77.27,108.23,0,0.0086,0.3022,0,2.4707,0.0263,1
A305,2025-05-07,suspect,1,3,5,0,3,1,34.01,60.71,1,0.307,0.5629,1,3.2829,0.4154,3
A401,2025-05-07,normal,0,4,1,0,4,0,38.64,67.14,0,0.0944,0.4785,1,4.8488,0.0188,1
A402,2025-05-07,normal,0,4,2,0,2,0,29.65,74.32,1,0.3344,0.6083,0,2.3633,0.0,2
A403,2025-05-07,airbnb,1,4,3,0,6,4,23.61,67.1,4,0.6664,0.612,1,6.247,0.6881,4
A404,2025-05-07,normal,0,4,4,0,1,0,39.31,63.33,0,0.034,0.274,0,1.1274,0.0,1
A405,2025-05-07,airbnb,1,4,5,0,15,9,10.05,27.6,11,0.7345,0.6326,2,17.0679,0.506,3
A501,2025-05-07,suspect,1,5,1,0,3,2,39.32,46.36,1,0.3331,0.6099,3,3.1413,0.5338,2
A502,2025-05-07,normal,0,5,2,0,3,1,36.65,49.09,1,0.1763,0.2672,0,3.072,0.0267,1
A503,2025-05-07,suspect,1,5,3,0,5,2,33.3,67.5,1,0.281,0.4123,0,4.9501,0.9413,1
A504,2025-05-07,normal,0,5,4,0,3,1,15.34,34.21,0,0.0306,0.1482,0,2.6141,0.0932,2
A505,2025-05-07,airbnb,1,5,5,0,4,3,12.47,26.87,4,0.8925,0.7943,0,3.7827,1.0,5
A601,2025-05-07,normal,0,6,1,0,4,0,46.05,55.04,0,0.0855,0.1405,0,4.5755,0.1163,2
A602,2025-05-07,normal,0,6,2,0,2,1,19.28,61.64,0,0.1354,0.1399,1,2.4345,0.0774,1
A603,2025-05-07,normal,0,6,3,0,3,0,37.13,71.65,0,0.1404,0.3536,0,3.8775,0.0513,1
A604,2025-05-07,normal,0,6,4,0,3,1,38.82,55.44,0,0.0124,0.5123,0,3.0612,0.1673,1
A605,2025-05-07,normal,0,6,5,0,2,0,28.8,61.31,1,0.3495,0.2719,0,1.7254,0.0838,1
A101,2025-05-08,normal,0,1,1,0,2,1,66.57,109.59,0,0.0101,0.0936,0,2.0548,0.0505,1
A102,2025-05-08,normal,0,1,2,0,2,0,2.0,25.74,0,0.0463,0.4756,0,2.1639,0.0789,1
A103,2025-05-08,normal,0,1,3,0,2,0,60.38,101.95,0,0.0486,0.2465,0,2.1151,0.1633,1
A104,2025-05-08,normal,0,1,4,0,1,0,24.71,48.79,0,0.0838,0.4362,0,1.2078,0.1761,1
A105,2025-05-08,airbnb,1,1,5,0,7,5,30.39,43.36,5,0.7115,0.9473,2,8.25,0.879,4
A201,2025-05-08,normal,0,2,1,0,1,0,41.41,78.21,0,0.0224,0.0914,0,1.0112,0.1884,1
A202,2025-05-08,normal,0,2,2,0,2,0,20.23,33.59,0,0.1241,0.2413,0,2.6115,0.0359,1
A203,2025-05-08,airbnb,1,2,3,0,8,7,20.6,49.56,7,0.8715,0.4364,0,7.324,0.8378,2
A204,2025-05-08,normal,0,2,4,0,2,0,39.05,52.39,0,0.1416,0.2376,0,2.1087,0.1723,1
A205,2025-05-08,suspect,1,2,5,0,5,2,22.51,52.87,2,0.343,0.5819,2,5.6172,0.4604,2
A301,2025-05-08,normal,0,3,1,0,2,1,44.74,89.41,0,0.0,0.0312,0,2.231,0.0361,2
A302,2025-05-08,normal,0,3,2,0,3,0,45.97,53.07,0,0.0399,0.2082,0,3.4714,0.0032,1
A303,2025-05-08,airbnb,1,3,3,0,5,3,19.8,43.53,2,0.4628,0.7923,4,5.4036,0.9704,5
A304,2025-05-08,normal,0,3,4,0,2,0,34.44,78.45,0,0.0749,0.0683,0,2.2116,0.1427,1
A305,2025-05-08,suspect,1,3,5,0,1,0,67.6,79.59,1,0.5154,0.6311,0,1.1619,0.766,1
A401,2025-05-08,normal,0,4,1,0,1,0,55.05,73.59,0,0.1983,0.4082,0,1.2299,0.3433,1
A402,2025-05-08,normal,0,4,2,0,1,0,44.68,67.24,0,0.0,0.1679,0,1.0639,0.2511,1
A403,2025-05-08,airbnb,1,4,3,0,12,9,17.45,30.29,6,0.5346,0.5498,1,13.9405,1.0,2
A404,2025-05-08,normal,0,4,4,0,3,1,77.47,116.42,1,0.2416,0.1069,1,3.5024,0.0888,1
A405,2025-05-08,airbnb,1,4,5,0,7,5,31.53,63.39,3,0.4947,0.5592,1,8.3666,0.5051,5
A501,2025-05-08,suspect,1,5,1,0,4,1,24.98,43.2,2,0.5087,0.7528,0,4.58,0.3095,1
A502,2025-05-08,normal,0,5,2,0,2,0,45.9,64.56,0,0.0542,0.2186,0,1.9168,0.0436,2
A503,2025-05-08,suspect,1,5,3,0,4,2,25.75,55.78,2,0.5369,0.6177,1,2.3706,0.2883,3
A504,2025-05-08,normal,0,5,4,0,3,0,43.37,73.83,0,0.0,0.1961,0,3.4609,0.0885,1
A505,2025-05-08,airbnb,1,5,5,0,7,4,19.95,51.73,4,0.5372,0.9846,3,7.701,0.8422,5
A601,2025-05-08,normal,0,6,1,0,2,1,36.41,60.99,0,0.0144,0.2347,0,1.7324,0.328,1
A602,2025-05-08,normal,0,6,2,0,3,0,35.52,45.61,0,0.0771,0.4742,0,2.572,0.0843,1
A603,2025-05-08,normal,0,6,3,0,4,0,57.44,88.13,1,0.1396,0.3338,1,4.6564,0.0212,1
A604,2025-05-08,normal,0,6,4,0,2,0,42.24,58.76,0,0.1069,0.3055,1,2.1961,0.1856,1
A605,2025-05-08,normal,0,6,5,0,1,0,51.87,79.19,0,0.1621,0.383,0,1.0951,0.1301,2
A101,2025-05-09,normal,0,1,1,1,1,0,48.11,92.17,0,0.0562,0.3398,0,1.0504,0.0228,1
A102,2025-05-09,normal,0,1,2,1,2,0,38.69,67.85,0,0.0124,0.0553,0,1.9669,0.1039,1
A103,2025-05-09,normal,0,1,3,1,2,0,40.18,53.68,0,0.1797,0.1052,2,2.4651,0.4262,1
A104,2025-05-09,normal,0,1,4,1,1,1,44.3,54.6,0,0.0869,0.5,0,0.9119,0.0406,2
A105,2025-05-09,airbnb,1,1,5,1,11,9,10.1,21.32,8,0.7357,0.5306,3,12.877,0.9441,5
A201,2025-05-09,normal,0,2,1,1,4,0,40.61,66.7,0,0.0311,0.3516,0,4.9511,0.0111,2
A202,2025-05-09,normal,0,2,2,1,2,0,31.53,63.33,0,0.0863,0.3923,0,2.0101,0.0,1
A203,2025-05-09,airbnb,1,2,3,1,4,3,25.36,56.7,4,0.9424,0.8186,0,4.4553,1.0,2
A204,2025-05-09,normal,0,2,4,1,3,1,32.07,49.6,0,0.0749,0.2401,1,3.0757,0.1218,2
A205,2025-05-09,suspect,1,2,5,1,4,1,26.27,68.62,2,0.6198,0.3017,1,4.002,0.5608,1
A301,2025-05-09,normal,0,3,1,1,2,0,70.74,78.45,0,0.0246,0.2271,0,2.2673,0.0318,1
A302,2025-05-09,normal,0,3,2,1,1,0,69.07,104.77,0,0.0137,0.4548,0,0.8076,0.0064,2
A303,2025-05-09,airbnb,1,3,3,1,11,11,16.22,54.86,6,0.5728,0.8476,3,15.3157,0.8476,3
A304,2025-05-09,normal,0,3,4,1,3,1,34.26,62.55,0,0.0519,0.2717,0,2.919,0.1549,1
A305,2025-05-09,suspect,1,3,5,1,4,2,21.48,56.58,1,0.1482,0.5558,3,4.6644,0.7465,1
A401,2025-05-09,normal,0,4,1,1,2,0,31.93,65.38,0,0.0626,0.1779,0,2.145,0.0476,1
A402,2025-05-09,normal,0,4,2,1,2,0,24.55,63.17,1,0.33,0.224,0,2.2053,0.1731,2
A403,2025-05-09,airbnb,1,4,3,1,8,5,13.88,27.52,6,0.7041,0.9906,1,7.8704,0.8774,4
A404,2025-05-09,normal,0,4,4,1,2,0,46.37,83.09,0,0.0008,0.4781,0,2.1146,0.003,2
A405,2025-05-09,airbnb,1,4,5,1,7,6,20.92,35.94,6,0.9205,0.7507,3,8.095,0.9088,2
A501,2025-05-09,suspect,1,5,1,1,2,1,13.89,38.15,0,0.0831,0.3303,1,2.0434,0.4629,3
A502,2025-05-09,normal,0,5,2,1,3,1,41.54,54.37,0,0.0723,0.1906,0,3.009,0.2327,2
A503,2025-05-09,suspect,1,5,3,1,5,2,21.37,46.89,3,0.5042,0.6096,0,7.2385,0.5017,2
A504,2025-05-09,normal,0,5,4,1,2,0,41.03,59.14,0,0.0212,0.1853,0,2.3514,0.1169,1
A505,2025-05-09,airbnb,1,5,5,1,7,5,17.86,31.92,5,0.7138,0.4848,0,7.1622,0.8485,2
A601,2025-05-09,normal,0,6,1,1,3,1,27.21,62.62,0,0.133,0.0856,0,3.8751,0.0103,1
A602,2025-05-09,normal,0,6,2,1,1,0,15.39,52.91,0,0.104,0.1363,0,0.8938,0.0008,4
A603,2025-05-09,normal,0,6,3,1,2,0,22.4,45.83,0,0.0127,0.4292,0,2.1125,0.2685,1
A604,2025-05-09,normal,0,6,4,1,3,0,62.6,73.84,0,0.0845,0.0446,0,3.6435,0.0104,2
A605,2025-05-09,normal,0,6,5,1,2,0,22.53,44.88,0,0.0967,0.0686,0,2.1615,0.1635,1
A101,2025-05-10,normal,0,1,1,1,2,0,28.05,55.31,0,0.0,0.1232,0,2.3826,0.0465,1
A102,2025-05-10,normal,0,1,2,1,1,0,36.66,50.74,0,0.0228,0.1115,0,1.1374,0.003,2
A103,2025-05-10,normal,0,1,3,1,2,0,31.02,40.99,0,0.106,0.5838,0,2.2108,0.164,1
A104,2025-05-10,normal,0,1,4,1,2,0,18.73,59.74,0,0.0311,0.2026,1,2.3624,0.0943,1
A105,2025-05-10,airbnb,1,1,5,1,13,12,9.04,36.88,8,0.6507,0.8732,2,13.7293,1.0,5
A201,2025-05-10,normal,0,2,1,1,1,0,27.02,40.7,0,0.1135,0.2265,0,1.0194,0.022,1
A202,2025-05-10,normal,0,2,2,1,2,0,38.62,62.61,0,0.1466,0.4252,1,1.9777,0.0416,1
A203,2025-05-10,airbnb,1,2,3,1,8,7,25.75,34.67,6,0.7779,0.7221,1,8.7867,0.7305,4
A204,2025-05-10,normal,0,2,4,1,2,0,31.27,67.8,0,0.0,0.4338,0,2.2263,0.0619,1
A205,2025-05-10,suspect,1,2,5,1,4,2,8.18,15.0,1,0.2378,0.3584,0,4.2515,0.4836,3
A301,2025-05-10,normal,0,3,1,1,2,0,48.17,61.92,1,0.2903,0.2833,0,2.0415,0.0191,2
A302,2025-05-10,normal,0,3,2,1,3,0,39.33,54.08,0,0.0762,0.0872,0,3.0099,0.0256,1
A303,2025-05-10,airbnb,1,3,3,1,8,6,17.9,51.25,6,0.7653,0.7156,2,8.8277,0.8832,3
A304,2025-05-10,normal,0,3,4,1,1,0,41.26,84.8,0,0.0474,0.1618,1,1.0149,0.0634,1
A305,2025-05-10,suspect,1,3,5,1,4,1,42.35,60.93,1,0.2485,0.1353,1,4.0498,0.8241,1
A401,2025-05-10,normal,0,4,1,1,2,0,52.89,90.22,0,0.1377,0.1622,0,2.3815,0.0789,1
A402,2025-05-10,normal,0,4,2,1,1,0,48.23,89.91,0,0.0851,0.1001,0,1.1889,0.0,1
A403,2025-05-10,airbnb,1,4,3,1,15,12,20.17,57.08,10,0.6433,0.7585,4,15.1315,0.6976,2
A404,2025-05-10,normal,0,4,4,1,2,1,39.58,75.39,0,0.0852,0.604,0,2.3961,0.136,1
A405,2025-05-10,airbnb,1,4,5,1,7,6,28.15,53.45,3,0.4712,0.5072,2,7.9562,0.7865,4
A501,2025-05-10,suspect,1,5,1,1,3,2,37.97,43.0,1,0.466,0.6725,0,3.0553,0.7111,2
A502,2025-05-10,normal,0,5,2,1,2,0,26.31,39.92,0,0.0963,0.1116,0,1.8893,0.029,1
A503,2025-05-10,suspect,1,5,3,1,3,1,39.09,50.87,1,0.263,0.4949,2,3.1246,0.4302,1
A504,2025-05-10,normal,0,5,4,1,2,0,40.18,77.16,0,0.0,0.2733,0,2.1422,0.1991,1
A505,2025-05-10,airbnb,1,5,5,1,5,4,14.59,39.82,3,0.5369,0.6357,6,6.3704,0.7964,1
A601,2025-05-10,normal,0,6,1,1,2,0,66.72,92.94,0,0.0558,0.1416,1,2.0937,0.0007,1
A602,2025-05-10,normal,0,6,2,1,2,1,34.09,51.42,1,0.2661,0.6435,0,2.3819,0.1002,2
A603,2025-05-10,normal,0,6,3,1,3,1,36.85,67.05,0,0.0762,0.109,1,3.1294,0.0158,1
A604,2025-05-10,normal,0,6,4,1,3,0,44.35,77.2,0,0.0094,0.4565,0,3.174,0.0,1
A605,2025-05-10,normal,0,6,5,1,2,0,44.47,73.72,0,0.1079,0.0775,0,2.3233,0.1276,1
A101,2025-05-11,normal,0,1,1,1,3,0,58.67,70.74,1,0.1758,0.2444,0,3.6113,0.3108,1
A102,2025-05-11,normal,0,1,2,1,2,0,72.78,87.13,0,0.029,0.5718,0,2.3404,0.054,2
A103,2025-05-11,normal,0,1,3,1,2,0,33.05,42.0,0,0.1135,0.2179,0,2.3326,0.1889,1
A104,2025-05-11,normal,0,1,4,1,1,0,38.07,66.05,0,0.0407,0.0441,0,1.0054,0.0927,1
A105,2025-05-11,airbnb,1,1,5,1,11,8,15.24,35.57,8,0.6905,1.0,5,11.809,0.6197,1
A201,2025-05-11,normal,0,2,1,1,3,1,59.09,83.48,0,0.0856,0.0872,0,3.2594,0.1925,1
A202,2025-05-11,normal,0,2,2,1,2,0,63.2,68.52,0,0.1648,0.0891,0,2.3101,0.0273,1
A203,2025-05-11,airbnb,1,2,3,1,6,6,11.23,30.52,5,0.7809,0.489,2,7.3973,0.8764,4
A204,2025-05-11,normal,0,2,4,1,3,0,22.25,44.15,0,0.1143,0.6903,0,3.795,0.0842,1
A205,2025-05-11,suspect,1,2,5,1,6,2,33.62,68.9,1,0.1804,0.2216,2,6.0593,0.473,1
A301,2025-05-11,normal,0,3,1,1,2,0,60.39,96.46,0,0.0036,0.318,0,2.447,0.1646,2
A302,2025-05-11,normal,0,3,2,1,1,1,49.06,78.12,0,0.1281,0.4525,0,1.1028,0.0,1
A303,2025-05-11,airbnb,1,3,3,1,11,6,12.74,49.38,10,0.9384,0.7345,2,11.6738,0.6953,2
A304,2025-05-11,normal,0,3,4,1,4,0,45.65,60.21,1,0.1609,0.3105,0,3.4278,0.0009,1
A305,2025-05-11,suspect,1,3,5,1,7,5,20.32,29.49,2,0.2592,0.3251,0,7.2593,0.2119,3
A401,2025-05-11,normal,0,4,1,1,4,0,37.12,46.3,0,0.0544,0.3193,0,4.2523,0.1587,1
A402,2025-05-11,normal,0,4,2,1,4,1,22.8,59.4,0,0.0585,0.5845,0,4.9126,0.3266,1
A403,2025-05-11,airbnb,1,4,3,1,14,8,23.95,46.46,10,0.7462,0.5822,3,13.255,0.6484,3
A404,2025-05-11,normal,0,4,4,1,2,0,25.77,40.42,0,0.0,0.3265,0,2.1072,0.0229,1
A405,2025-05-11,airbnb,1,4,5,1,7,5,14.07,37.04,4,0.5031,0.708,2,8.8107,0.8486,4
A501,2025-05-11,suspect,1,5,1,1,4,2,19.45,59.81,1,0.2497,0.6021,1,4.4153,0.6645,2
A502,2025-05-11,normal,0,5,2,1,2,1,39.02,60.84,0,0.0642,0.3817,0,1.9556,0.0796,1
A503,2025-05-11,suspect,1,5,3,1,2,1,30.22,60.12,1,0.2995,0.2405,0,1.9835,0.4743,1
A504,2025-05-11,normal,0,5,4,1,2,0,38.47,76.33,0,0.0581,0.509,0,2.4588,0.1416,2
A505,2025-05-11,airbnb,1,5,5,1,6,5,31.25,51.8,5,0.8755,0.8171,1,7.9453,0.6232,4
A601,2025-05-11,normal,0,6,1,1,2,0,27.2,36.98,0,0.0759,0.4603,0,2.289,0.1127,2
A602,2025-05-11,normal,0,6,2,1,3,1,30.78,64.14,0,0.068,0.1927,0,3.138,0.0088,2
A603,2025-05-11,normal,0,6,3,1,2,0,23.87,52.12,0,0.1971,0.097,0,2.106,0.0141,1
A604,2025-05-11,normal,0,6,4,1,3,1,14.98,35.48,0,0.1101,0.3846,0,3.7948,0.0685,1
A605,2025-05-11,normal,0,6,5,1,2,0,28.45,70.66,0,0.1277,0.3438,0,2.1489,0.2307,1
A101,2025-05-12,normal,0,1,1,0,2,0,60.92,100.6,0,0.2018,0.3214,0,1.3109,0.0529,1
A102,2025-05-12,normal,0,1,2,0,4,0,49.35,64.0,0,0.0,0.0733,0,4.1076,0.1219,2
A103,2025-05-12,normal,0,1,3,0,1,0,51.76,94.91,0,0.1175,0.1915,0,1.0513,0.0886,2
A104,2025-05-12,normal,0,1,4,0,3,1,36.82,73.16,0,0.0534,0.4332,0,2.6193,0.0504,2
A105,2025-05-12,airbnb,1,1,5,0,6,3,25.9,36.78,6,0.9346,0.7359,2,6.7921,0.6373,5
A201,2025-05-12,normal,0,2,1,0,2,0,35.4,73.46,0,0.0275,0.219,0,2.6376,0.1628,1
A202,2025-05-12,normal,0,2,2,0,2,0,43.02,50.9,0,0.1074,0.1416,0,2.3445,0.0552,1
A203,2025-05-12,airbnb,1,2,3,0,6,5,36.06,69.12,2,0.2832,0.9658,4,7.3941,0.9405,5
A204,2025-05-12,normal,0,2,4,0,3,0,53.93,98.61,0,0.0966,0.1879,0,3.1364,0.2816,1
A205,2025-05-12,suspect,1,2,5,0,3,2,19.49,25.09,1,0.4909,0.3572,0,2.9874,0.5661,2
A301,2025-05-12,normal,0,3,1,0,2,0,39.0,74.86,0,0.1647,0.2426,1,1.7921,0.0785,1
A302,2025-05-12,normal,0,3,2,0,2,0,49.12,69.06,0,0.0167,0.2595,0,1.9629,0.4194,1
A303,2025-05-12,airbnb,1,3,3,0,6,4,14.8,58.06,5,0.9142,0.4646,3,7.1833,0.8804,3
A304,2025-05-12,normal,0,3,4,0,3,0,47.26,90.75,0,0.0897,0.3801,1,3.6376,0.0682,1
A305,2025-05-12,suspect,1,3,5,0,3,1,27.33,62.83,1,0.2731,0.3545,0,3.5263,0.3462,1
A401,2025-05-12,normal,0,4,1,0,2,1,67.56,75.75,0,0.0839,0.4879,0,2.0638,0.0904,1
A402,2025-05-12,normal,0,4,2,0,1,0,58.26,97.58,0,0.0238,0.0063,0,1.0232,0.1781,1
A403,2025-05-12,airbnb,1,4,3,0,2,1,27.95,56.89,1,0.2557,0.6923,1,2.2631,0.9278,1
A404,2025-05-12,normal,0,4,4,0,1,0,26.58,39.79,0,0.0128,0.1362,0,1.0985,0.0299,1
A405,2025-05-12,airbnb,1,4,5,0,7,5,17.07,50.1,7,0.9467,0.8871,2,6.5827,0.7256,2
A501,2025-05-12,suspect,1,5,1,0,4,2,25.01,56.92,2,0.3876,0.3411,1,4.1648,0.6236,3
A502,2025-05-12,normal,0,5,2,0,2,0,67.19,89.99,0,0.2009,0.1224,0,2.0898,0.0292,1
A503,2025-05-12,suspect,1,5,3,0,3,1,10.05,41.65,1,0.2822,0.5508,1,3.5749,0.3468,1
A504,2025-05-12,normal,0,5,4,0,3,0,28.94,61.42,0,0.0037,0.0019,0,2.7908,0.2665,2
A505,2025-05-12,airbnb,1,5,5,0,8,6,8.22,23.34,4,0.5551,0.7392,2,8.0722,1.0,2
A601,2025-05-12,normal,0,6,1,0,1,0,51.75,64.46,0,0.0174,0.2177,0,1.2751,0.0878,1
A602,2025-05-12,normal,0,6,2,0,2,0,31.76,61.69,0,0.1015,0.048,0,2.4744,0.041,1
A603,2025-05-12,normal,0,6,3,0,3,0,8.66,27.45,0,0.0,0.3492,0,3.4671,0.0721,1
A604,2025-05-12,normal,0,6,4,0,3,0,28.88,70.51,0,0.0054,0.1575,0,3.0735,0.0017,1
A605,2025-05-12,normal,0,6,5,0,2,0,13.72,48.71,0,0.1352,0.2819,0,2.3469,0.0465,2
A101,2025-05-13,normal,0,1,1,0,2,0,26.69,55.69,0,0.016,0.1122,0,2.2833,0.0949,1
A102,2025-05-13,normal,0,1,2,0,3,1,45.66,81.2,0,0.1003,0.1142,0,3.7211,0.0624,1
A103,2025-05-13,normal,0,1,3,0,1,0,38.31,74.54,0,0.109,0.3354,0,1.1694,0.0936,3
A104,2025-05-13,normal,0,1,4,0,2,0,42.86,60.92,0,0.1399,0.341,0,1.8012,0.0543,2
A105,2025-05-13,airbnb,1,1,5,0,6,6,9.8,53.96,3,0.5718,0.5513,0,7.9575,0.9438,3
A201,2025-05-13,normal,0,2,1,0,1,0,34.31,53.02,0,0.03,0.3748,0,1.3575,0.0801,1
A202,2025-05-13,normal,0,2,2,0,2,0,55.23,73.57,0,0.0456,0.3329,0,2.3851,0.0,1
A203,2025-05-13,airbnb,1,2,3,0,5,4,10.55,24.22,3,0.6082,0.3716,2,5.4914,0.9278,4
A204,2025-05-13,normal,0,2,4,0,4,1,63.73,95.6,0,0.1249,0.2658,0,4.2441,0.2352,1
A205,2025-05-13,suspect,1,2,5,0,2,1,39.41,68.64,1,0.342,0.5059,0,2.0076,0.35,1
A301,2025-05-13,normal,0,3,1,0,2,1,45.48,74.45,0,0.1515,0.1717,0,2.32,0.0277,1
A302,2025-05-13,normal,0,3,2,0,3,0,65.56,106.44,0,0.0422,0.3041,0,3.5281,0.2731,2
A303,2025-05-13,airbnb,1,3,3,0,8,8,19.8,43.19,5,0.5678,0.9443,2,7.4511,0.9828,3
A304,2025-05-13,normal,0,3,4,0,2,0,34.15,71.6,0,0.0261,0.333,0,2.0513,0.1032,1
A305,2025-05-13,suspect,1,3,5,0,5,2,20.23,33.23,1,0.2442,0.5228,0,5.8968,0.4999,3
A401,2025-05-13,normal,0,4,1,0,3,1,22.27,39.52,0,0.0427,0.3284,0,4.0331,0.0936,1
A402,2025-05-13,normal,0,4,2,0,2,1,68.18,101.77,0,0.1025,0.1409,1,2.1929,0.1717,1
A403,2025-05-13,airbnb,1,4,3,0,6,5,21.91,58.93,3,0.4973,0.8715,2,6.5676,0.8396,4
A404,2025-05-13,normal,0,4,4,0,2,0,60.49,97.73,0,0.2399,0.5358,3,2.3472,0.4223,1
A405,2025-05-13,airbnb,1,4,5,0,9,7,29.49,34.5,6,0.6594,0.731,1,10.2441,0.7223,2
A501,2025-05-13,suspect,1,5,1,0,3,1,31.48,56.88,1,0.2434,0.7472,1,3.141,0.3936,2
A502,2025-05-13,normal,0,5,2,0,2,0,63.6,81.39,0,0.1279,0.388,0,2.1506,0.0808,1
A503,2025-05-13,suspect,1,5,3,0,7,2,26.49,52.62,1,0.1363,0.8046,0,8.1778,0.7381,1
A504,2025-05-13,normal,0,5,4,0,2,0,28.03,34.17,0,0.0505,0.1477,0,2.3329,0.0764,1
A505,2025-05-13,airbnb,1,5,5,0,10,8,16.26,24.62,7,0.6911,0.636,2,10.6849,0.9162,2
A601,2025-05-13,normal,0,6,1,0,3,1,45.76,57.86,0,0.0396,0.2619,0,3.4103,0.031,1
A602,2025-05-13,normal,0,6,2,0,2,0,55.86,97.14,0,0.0139,0.5057,0,2.0428,0.0627,2
A603,2025-05-13,normal,0,6,3,0,3,0,47.79,63.59,0,0.0343,0.061,0,3.4165,0.2927,1
A604,2025-05-13,normal,0,6,4,0,2,0,42.17,63.75,0,0.0883,0.1475,0,2.0575,0.0,2
A605,2025-05-13,normal,0,6,5,0,2,0,49.28,63.13,0,0.0,0.5118,0,2.1268,0.0276,2
A101,2025-05-14,normal,0,1,1,0,1,0,57.54,102.06,0,0.0,0.6846,0,1.3015,0.0812,1
A102,2025-05-14,normal,0,1,2,0,3,1,54.35,92.64,0,0.1494,0.2826,0,2.7632,0.1164,1
A103,2025-05-14,normal,0,1,3,0,1,0,26.15,50.68,0,0.2533,0.1113,0,1.089,0.1139,1
A104,2025-05-14,normal,0,1,4,0,2,1,25.45,46.52,0,0.1936,0.1231,0,1.928,0.1398,2
A105,2025-05-14,airbnb,1,1,5,0,5,4,19.89,42.36,4,0.7242,0.8736,7,5.465,0.4119,3
A201,2025-05-14,normal,0,2,1,0,3,1,35.35,40.44,0,0.0115,0.1162,0,3.7876,0.0561,1
A202,2025-05-14,normal,0,2,2,0,2,0,47.75,88.4,0,0.0807,0.1472,0,2.086,0.0259,1
A203,2025-05-14,airbnb,1,2,3,0,7,7,15.23,22.87,4,0.5992,0.6616,3,7.7188,0.8437,2
A204,2025-05-14,normal,0,2,4,0,1,0,30.7,72.4,0,0.1129,0.3452,1,1.2006,0.1172,1
A205,2025-05-14,suspect,1,2,5,0,3,1,4.87,44.93,2,0.5229,0.9169,2,3.3782,0.8912,1
A301,2025-05-14,normal,0,3,1,0,1,0,22.12,66.94,0,0.0426,0.0888,0,0.9477,0.1573,1
A302,2025-05-14,normal,0,3,2,0,1,0,41.95,62.23,0,0.208,0.1064,0,0.8949,0.0723,1
A303,2025-05-14,airbnb,1,3,3,0,6,4,16.51,56.98,4,0.7345,0.9034,2,6.5116,0.6719,4
A304,2025-05-14,normal,0,3,4,0,1,0,38.43,61.25,0,0.2288,0.1734,0,0.7602,0.3234,1
A305,2025-05-14,suspect,1,3,5,0,4,3,20.62,33.9,2,0.5229,0.601,0,4.5793,0.4017,2
A401,2025-05-14,normal,0,4,1,0,2,0,21.69,38.32,0,0.0512,0.6876,1,1.6417,0.0052,1
A402,2025-05-14,normal,0,4,2,0,3,0,28.37,54.66,0,0.0,0.2092,0,3.9182,0.104,1
A403,2025-05-14,airbnb,1,4,3,0,7,6,15.9,59.24,5,0.7816,0.6399,1,7.6835,0.7429,3
A404,2025-05-14,normal,0,4,4,0,1,0,55.5,98.42,0,0.0001,0.3115,0,1.2143,0.5341,1
A405,2025-05-14,airbnb,1,4,5,0,8,6,28.48,58.82,4,0.5074,0.9047,0,9.8679,0.9296,5
A501,2025-05-14,suspect,1,5,1,0,6,5,48.77,58.12,4,0.5883,0.5569,0,5.9629,0.7609,2
A502,2025-05-14,normal,0,5,2,0,3,0,63.46,107.43,1,0.2265,0.0741,0,2.9127,0.2224,1
A503,2025-05-14,suspect,1,5,3,0,4,2,35.19,68.87,1,0.3003,0.7788,0,4.7108,0.2263,3
A504,2025-05-14,normal,0,5,4,0,1,0,42.07,54.28,0,0.1408,0.2544,0,1.1662,0.4824,1
A505,2025-05-14,airbnb,1,5,5,0,8,7,32.76,47.94,5,0.6576,0.5418,1,7.662,0.6339,4
A601,2025-05-14,normal,0,6,1,0,3,0,53.22,80.34,0,0.0334,0.4797,0,3.7165,0.2948,2
A602,2025-05-14,normal,0,6,2,0,3,0,35.11,43.41,1,0.2793,0.7448,0,3.0143,0.1209,1
A603,2025-05-14,normal,0,6,3,0,2,0,42.68,72.64,0,0.1385,0.3663,0,2.0005,0.0858,2
A604,2025-05-14,normal,0,6,4,0,2,0,49.63,89.81,0,0.0445,0.5023,0,2.1937,0.2965,1
A605,2025-05-14,normal,0,6,5,0,2,0,44.63,68.3,0,0.118,0.3094,0,1.9902,0.1333,2
A101,2025-05-15,normal,0,1,1,0,1,0,54.88,99.15,0,0.0096,0.2114,1,1.1906,0.0448,1
A102,2025-05-15,normal,0,1,2,0,2,0,48.93,65.63,0,0.0806,0.151,0,2.4047,0.0252,2
A103,2025-05-15,normal,0,1,3,0,1,0,33.12,77.19,0,0.0,0.4754,0,0.9788,0.087,1
A104,2025-05-15,normal,0,1,4,0,2,0,34.96,60.93,0,0.0316,0.0303,0,2.1854,0.0955,1
A105,2025-05-15,airbnb,1,1,5,0,7,4,18.3,50.67,5,0.6493,0.5643,6,8.6444,1.0,4
A201,2025-05-15,normal,0,2,1,0,1,0,31.63,63.95,0,0.1017,0.1586,0,1.0216,0.4396,1
A202,2025-05-15,normal,0,2,2,0,1,0,62.07,89.17,0,0.0565,0.1243,0,0.83,0.042,2
A203,2025-05-15,airbnb,1,2,3,0,5,4,32.78,51.16,3,0.5918,1.0,0,4.6111,0.9757,2
A204,2025-05-15,normal,0,2,4,0,2,0,41.65,60.88,1,0.3217,0.1263,0,2.1547,0.0148,1
A205,2025-05-15,suspect,1,2,5,0,5,2,26.75,66.27,2,0.3144,0.4851,2,5.4457,0.7971,1
A301,2025-05-15,normal,0,3,1,0,2,0,29.23,63.02,0,0.0658,0.1104,0,1.9747,0.0368,2
A302,2025-05-15,normal,0,3,2,0,3,1,32.53,37.62,0,0.1147,0.1337,0,3.1833,0.0205,1
A303,2025-05-15,airbnb,1,3,3,0,8,7,35.52,45.64,6,0.7535,1.0,2,10.5989,0.8965,3
A304,2025-05-15,normal,0,3,4,0,3,1,52.63,57.77,0,0.0044,0.4438,0,3.2415,0.2574,2
A305,2025-05-15,suspect,1,3,5,0,4,1,33.97,62.12,3,0.6323,0.4459,0,4.1104,0.3272,1
A401,2025-05-15,normal,0,4,1,0,3,1,57.81,99.79,0,0.0525,0.6419,0,3.7318,0.0506,2
A402,2025-05-15,normal,0,4,2,0,2,1,42.43,47.93,0,0.0335,0.2107,1,1.8264,0.0619,1
A403,2025-05-15,airbnb,1,4,3,0,4,3,19.3,38.84,2,0.5226,0.7282,2,5.2509,0.5697,3
A404,2025-05-15,normal,0,4,4,0,2,0,63.04,95.58,0,0.0301,0.3538,0,2.3132,0.0996,1
A405,2025-05-15,airbnb,1,4,5,0,7,6,9.5,43.54,4,0.559,0.6426,2,9.1639,0.5548,2
A501,2025-05-15,suspect,1,5,1,0,6,3,42.1,52.95,1,0.1952,0.3608,0,7.3977,0.599,2
A502,2025-05-15,normal,0,5,2,0,2,0,31.34,61.74,0,0.1219,0.1989,0,2.3051,0.0503,2
A503,2025-05-15,suspect,1,5,3,0,4,2,13.18,53.26,3,0.8242,0.632,3,4.7807,0.6179,1
A504,2025-05-15,normal,0,5,4,0,3,1,27.52,32.87,1,0.277,0.4594,0,3.6961,0.13,1
A505,2025-05-15,airbnb,1,5,5,0,4,2,13.98,20.28,2,0.5419,0.6153,0,4.8102,0.7295,5
A601,2025-05-15,normal,0,6,1,0,1,0,55.16,89.8,0,0.032,0.058,0,1.3882,0.0966,1
A602,2025-05-15,normal,0,6,2,0,1,0,38.52,74.36,0,0.0478,0.0589,0,1.1821,0.0415,1
A603,2025-05-15,normal,0,6,3,0,1,0,32.77,59.01,0,0.0036,0.2161,0,1.0741,0.2547,1
A604,2025-05-15,normal,0,6,4,0,3,0,34.05,75.27,0,0.0231,0.6412,1,3.2486,0.1381,1
A605,2025-05-15,normal,0,6,5,0,3,0,57.19,73.28,0,0.0638,0.288,0,2.867,0.2135,2
A101,2025-05-16,normal,0,1,1,1,4,0,59.44,81.68,0,0.1077,0.1108,0,4.2873,0.0831,1
A102,2025-05-16,normal,0,1,2,1,2,1,48.32,60.3,0,0.0176,0.0704,0,1.9107,0.0879,2
A103,2025-05-16,normal,0,1,3,1,1,0,67.47,94.85,0,0.0106,0.5392,0,1.129,0.0687,1
A104,2025-05-16,normal,0,1,4,1,2,0,70.33,100.78,0,0.0262,0.3002,0,1.8762,0.0156,1
A105,2025-05-16,airbnb,1,1,5,1,11,9,32.81,62.05,8,0.7157,0.9678,0,11.6701,0.7591,3
A201,2025-05-16,normal,0,2,1,1,2,0,59.34,95.81,0,0.095,0.1455,0,2.0616,0.1025,1
A202,2025-05-16,normal,0,2,2,1,3,1,44.71,61.12,1,0.1782,0.0403,0,3.4829,0.27,1
A203,2025-05-16,airbnb,1,2,3,1,7,6,4.29,31.82,5,0.687,0.3952,6,8.279,0.9374,3
A204,2025-05-16,normal,0,2,4,1,4,1,29.69,35.42,1,0.1813,0.1527,0,3.9802,0.1643,1
A205,2025-05-16,suspect,1,2,5,1,9,2,22.16,58.81,2,0.2347,0.4832,1,9.6895,0.4593,1
A301,2025-05-16,normal,0,3,1,1,2,0,59.87,100.95,0,0.028,0.1255,0,2.0854,0.0884,1
A302,2025-05-16,normal,0,3,2,1,3,0,62.32,94.41,0,0.0155,0.1151,0,3.0175,0.0,1
A303,2025-05-16,airbnb,1,3,3,1,10,6,16.04,39.67,6,0.5851,0.8171,0,10.0519,0.7003,3
A304,2025-05-16,normal,0,3,4,1,2,0,49.21,76.3,0,0.0101,0.4714,0,2.0035,0.204,1
A305,2025-05-16,suspect,1,3,5,1,3,1,38.04,78.7,1,0.3916,0.7246,1,3.2129,0.6373,1
A401,2025-05-16,normal,0,4,1,1,2,0,35.42,76.95,0,0.1152,0.2042,0,2.501,0.0939,2
A402,2025-05-16,normal,0,4,2,1,1,0,56.33,83.9,0,0.0624,0.1491,0,1.0193,0.1939,1
A403,2025-05-16,airbnb,1,4,3,1,9,6,20.75,45.43,6,0.7173,0.8193,4,12.114,0.5456,4
A404,2025-05-16,normal,0,4,4,1,3,0,62.11,68.87,0,0.0617,0.5382,0,3.3196,0.0506,1
A405,2025-05-16,airbnb,1,4,5,1,7,6,7.52,18.28,3,0.4446,0.7414,2,7.267,0.7277,4
A501,2025-05-16,suspect,1,5,1,1,6,3,32.71,59.74,2,0.3103,0.3424,2,6.0997,0.6289,3
A502,2025-05-16,normal,0,5,2,1,3,1,31.88,63.89,1,0.1878,0.0471,0,3.3298,0.0878,1
A503,2025-05-16,suspect,1,5,3,1,7,3,35.32,68.93,2,0.3198,0.5927,1,7.513,0.5247,1
A504,2025-05-16,normal,0,5,4,1,3,0,32.41,45.32,0,0.0332,0.2727,0,3.2967,0.157,1
A505,2025-05-16,airbnb,1,5,5,1,5,3,34.13,52.39,1,0.2946,0.7058,5,5.4675,0.9262,2
A601,2025-05-16,normal,0,6,1,1,2,0,57.87,90.44,0,0.0246,0.0687,0,2.2742,0.2143,1
A602,2025-05-16,normal,0,6,2,1,2,0,44.15,52.45,0,0.0353,0.7195,0,1.9903,0.2073,1
A603,2025-05-16,normal,0,6,3,1,2,0,39.66,52.38,0,0.0115,0.2667,0,1.9252,0.0445,1
A604,2025-05-16,normal,0,6,4,1,2,0,25.37,46.75,0,0.054,0.4222,0,2.2428,0.0,2
A605,2025-05-16,normal,0,6,5,1,2,1,81.99,117.98,0,0.0054,0.2732,1,2.143,0.0031,1
A101,2025-05-17,normal,0,1,1,1,2,1,42.18,76.99,0,0.0765,0.0644,0,2.1492,0.0083,1
A102,2025-05-17,normal,0,1,2,1,2,1,23.54,54.29,0,0.1343,0.2215,0,1.8882,0.2107,2
A103,2025-05-17,normal,0,1,3,1,2,0,49.24,76.9,0,0.0785,0.3869,0,2.3542,0.1691,1
A104,2025-05-17,normal,0,1,4,1,2,0,26.07,33.35,0,0.0354,0.132,0,2.5945,0.0378,2
A105,2025-05-17,airbnb,1,1,5,1,6,4,18.83,43.53,4,0.7388,0.4531,2,4.7613,0.5122,5
A201,2025-05-17,normal,0,2,1,1,2,0,40.11,77.47,0,0.0007,0.4374,0,2.42,0.1027,1
A202,2025-05-17,normal,0,2,2,1,2,0,23.99,31.69,0,0.1577,0.5951,0,2.5177,0.0869,1
A203,2025-05-17,airbnb,1,2,3,1,8,5,17.33,52.76,5,0.6528,0.9615,1,9.8519,1.0,5
A204,2025-05-17,normal,0,2,4,1,1,0,61.63,92.67,0,0.0137,0.2191,1,1.003,0.1868,2
A205,2025-05-17,suspect,1,2,5,1,3,1,33.6,71.17,3,0.903,0.3283,0,3.0115,0.5232,1
A301,2025-05-17,normal,0,3,1,1,1,0,8.5,39.72,0,0.0238,0.2241,0,1.3684,0.3637,1
A302,2025-05-17,normal,0,3,2,1,1,0,44.36,74.93,0,0.0254,0.2115,0,1.05,0.0373,1
A303,2025-05-17,airbnb,1,3,3,1,7,5,9.57,47.08,3,0.4476,0.3772,2,7.5196,0.7663,4
A304,2025-05-17,normal,0,3,4,1,3,0,50.42,90.08,0,0.0287,0.2352,0,3.1391,0.1243,1
A305,2025-05-17,suspect,1,3,5,1,2,2,25.77,58.4,1,0.3526,0.441,2,2.0067,0.4989,2
A401,2025-05-17,normal,0,4,1,1,3,1,36.41,49.8,0,0.0238,0.5901,0,3.3107,0.0095,1
A402,2025-05-17,normal,0,4,2,1,2,0,30.56,58.87,0,0.038,0.2131,0,2.5047,0.0798,2
A403,2025-05-17,airbnb,1,4,3,1,13,11,8.9,25.77,4,0.2786,0.7544,2,15.7801,0.7298,4
A404,2025-05-17,normal,0,4,4,1,3,0,34.57,42.4,0,0.0837,0.664,0,2.2452,0.2279,1
A405,2025-05-17,airbnb,1,4,5,1,12,11,26.8,54.89,9,0.7526,0.8027,0,13.5007,0.7119,6
A501,2025-05-17,suspect,1,5,1,1,6,2,22.76,55.71,2,0.3569,0.6716,0,6.465,0.6812,1
A502,2025-05-17,normal,0,5,2,1,3,0,72.61,101.91,0,0.0369,0.398,0,3.5822,0.015,1
A503,2025-05-17,suspect,1,5,3,1,4,1,37.51,48.8,1,0.2758,0.7806,1,3.8479,0.7011,2
A504,2025-05-17,normal,0,5,4,1,1,0,36.13,64.36,0,0.0864,0.2028,0,1.0825,0.2059,1
A505,2025-05-17,airbnb,1,5,5,1,5,4,4.73,32.06,5,0.9098,0.8633,0,6.1296,0.5352,5
A601,2025-05-17,normal,0,6,1,1,3,1,52.41,87.09,0,0.0049,0.1597,0,3.7194,0.0289,1
A602,2025-05-17,normal,0,6,2,1,2,0,23.41,36.16,0,0.0551,0.277,0,2.4906,0.0705,1
A603,2025-05-17,normal,0,6,3,1,3,0,35.92,64.32,0,0.1065,0.3114,0,3.5805,0.1031,1
A604,2025-05-17,normal,0,6,4,1,2,0,34.68,67.55,0,0.0568,0.2153,0,1.8377,0.0793,1
A605,2025-05-17,normal,0,6,5,1,2,1,22.83,64.06,0,0.0176,0.38,0,2.1678,0.1294,1
A101,2025-05-18,normal,0,1,1,1,3,0,36.77,75.02,0,0.0338,0.287,0,3.5902,0.035,1
A102,2025-05-18,normal,0,1,2,1,1,0,52.1,66.6,0,0.1129,0.0591,0,1.12,0.0646,1
A103,2025-05-18,normal,0,1,3,1,1,0,21.13,40.78,0,0.0762,0.2346,0,1.1889,0.009,1
A104,2025-05-18,normal,0,1,4,1,3,1,36.29,58.77,0,0.0036,0.2359,0,3.7221,0.0858,2
A105,2025-05-18,airbnb,1,1,5,1,9,8,15.65,31.95,9,1.0,1.0,2,9.0941,0.9292,5
A201,2025-05-18,normal,0,2,1,1,3,0,52.25,80.61,0,0.0204,0.2313,0,2.8271,0.0414,1
A202,2025-05-18,normal,0,2,2,1,2,0,80.75,117.89,0,0.1489,0.0,0,1.9833,0.0309,1
A203,2025-05-18,airbnb,1,2,3,1,4,3,17.43,42.32,3,0.6409,0.6027,1,3.8615,1.0,5
A204,2025-05-18,normal,0,2,4,1,2,0,59.62,101.52,0,0.0787,0.1269,0,2.3602,0.047,1
A205,2025-05-18,suspect,1,2,5,1,2,1,16.63,27.88,1,0.267,0.6684,0,2.3811,0.6208,3
A301,2025-05-18,normal,0,3,1,1,1,0,64.65,93.89,0,0.0153,0.1433,0,1.1084,0.1896,1
A302,2025-05-18,normal,0,3,2,1,1,1,54.18,77.86,0,0.2319,0.3179,0,1.0452,0.014,1
A303,2025-05-18,airbnb,1,3,3,1,8,5,11.5,40.16,5,0.6421,0.6011,1,7.7485,0.7691,2
A304,2025-05-18,normal,0,3,4,1,3,0,20.49,46.22,0,0.0559,0.461,0,3.5157,0.1938,2
A305,2025-05-18,suspect,1,3,5,1,6,4,23.67,37.37,3,0.5676,0.5046,1,5.6766,0.6919,1
A401,2025-05-18,normal,0,4,1,1,2,1,11.31,55.94,1,0.3343,0.2047,0,2.3055,0.0013,1
A402,2025-05-18,normal,0,4,2,1,1,0,17.57,52.31,0,0.0172,0.11,0,1.2785,0.0504,1
A403,2025-05-18,airbnb,1,4,3,1,10,7,16.38,21.42,6,0.5564,0.6504,3,10.7196,0.8032,2
A404,2025-05-18,normal,0,4,4,1,3,1,56.21,73.28,0,0.0587,0.1276,0,3.605,0.0572,1
A405,2025-05-18,airbnb,1,4,5,1,8,6,25.57,60.62,5,0.6067,1.0,2,10.0415,0.6583,5
A501,2025-05-18,suspect,1,5,1,1,3,2,21.02,52.83,1,0.3238,0.2336,0,3.363,0.567,1
A502,2025-05-18,normal,0,5,2,1,2,1,34.01,52.73,0,0.195,0.5697,0,2.3173,0.0443,1
A503,2025-05-18,suspect,1,5,3,1,4,3,23.66,29.25,1,0.1401,0.4831,0,3.4465,0.5129,1
A504,2025-05-18,normal,0,5,4,1,3,0,19.83,60.92,0,0.1119,0.4246,0,4.1176,0.1134,1
A505,2025-05-18,airbnb,1,5,5,1,10,6,17.06,37.2,5,0.4556,0.6202,0,12.0973,0.949,1
A601,2025-05-18,normal,0,6,1,1,2,0,55.93,99.96,0,0.1162,0.1353,0,2.1173,0.0673,2
A602,2025-05-18,normal,0,6,2,1,2,0,40.68,73.89,0,0.0229,0.1278,1,2.1601,0.0572,1
A603,2025-05-18,normal,0,6,3,1,2,0,9.85,27.59,0,0.1897,0.2383,0,2.099,0.0363,1
A604,2025-05-18,normal,0,6,4,1,2,0,40.66,54.27,0,0.0118,0.218,0,2.202,0.2125,2
A605,2025-05-18,normal,0,6,5,1,2,0,37.38,70.06,0,0.0676,0.1953,0,2.0735,0.0208,1
A101,2025-05-19,normal,0,1,1,0,1,0,35.12,43.1,0,0.0146,0.4541,0,1.129,0.0845,1
A102,2025-05-19,normal,0,1,2,0,3,0,41.87,82.84,0,0.0672,0.3765,0,3.4591,0.241,1
A103,2025-05-19,normal,0,1,3,0,2,0,13.58,32.41,0,0.1218,0.3485,0,1.9265,0.2037,1
A104,2025-05-19,normal,0,1,4,0,3,1,51.3,79.37,1,0.1878,0.1338,0,3.3377,0.0428,2
A105,2025-05-19,airbnb,1,1,5,0,10,8,24.86,30.66,8,0.8459,0.9623,1,10.4438,0.7738,2
A201,2025-05-19,normal,0,2,1,0,2,0,36.58,48.07,0,0.0129,0.1385,0,2.4505,0.2119,1
A202,2025-05-19,normal,0,2,2,0,2,1,47.11,78.58,0,0.0027,0.1171,0,2.2379,0.0531,2
A203,2025-05-19,airbnb,1,2,3,0,7,5,10.9,32.38,3,0.36,0.8832,1,5.7908,0.5155,4
A204,2025-05-19,normal,0,2,4,0,3,0,37.71,67.65,0,0.1102,0.4045,0,3.4441,0.0451,1
A205,2025-05-19,suspect,1,2,5,0,4,2,14.58,22.12,2,0.4365,0.5844,4,4.2413,0.42,2
A301,2025-05-19,normal,0,3,1,0,3,0,38.89,73.94,0,0.0368,0.326,1,3.4634,0.0775,1
A302,2025-05-19,normal,0,3,2,0,2,0,48.72,63.08,0,0.0562,0.4428,0,2.3508,0.1031,1
A303,2025-05-19,airbnb,1,3,3,0,7,6,24.4,48.46,7,0.9888,0.8527,1,7.2692,1.0,4
A304,2025-05-19,normal,0,3,4,0,1,0,43.53,60.44,0,0.0842,0.2907,0,1.1773,0.0627,1
A305,2025-05-19,suspect,1,3,5,0,3,1,17.62,29.41,1,0.253,1.0,2,3.6302,0.4231,1
A401,2025-05-19,normal,0,4,1,0,2,1,45.79,63.1,0,0.0135,0.1832,0,2.0017,0.0794,1
A402,2025-05-19,normal,0,4,2,0,1,0,74.88,90.37,0,0.0518,0.1786,0,1.101,0.3137,1
A403,2025-05-19,airbnb,1,4,3,0,5,3,17.69,39.88,4,0.8828,0.6888,1,5.0061,1.0,2
A404,2025-05-19,normal,0,4,4,0,1,0,49.45,58.4,0,0.0423,0.1472,1,1.0131,0.0177,1
A405,2025-05-19,airbnb,1,4,5,0,9,8,8.3,33.51,5,0.5467,0.7016,1,8.5153,0.6389,3
A501,2025-05-19,suspect,1,5,1,0,4,2,40.41,82.97,2,0.4666,0.4456,0,4.4974,0.2806,2
A502,2025-05-19,normal,0,5,2,0,2,0,54.46,77.66,0,0.214,0.3148,0,2.0921,0.2336,1
A503,2025-05-19,suspect,1,5,3,0,4,3,37.89,50.76,1,0.2192,0.6378,1,4.9297,0.8123,1
A504,2025-05-19,normal,0,5,4,0,3,0,47.99,64.67,0,0.033,0.0744,0,3.4574,0.0479,2
A505,2025-05-19,airbnb,1,5,5,0,7,5,12.01,25.64,5,0.6779,0.7252,3,7.3892,1.0,3
A601,2025-05-19,normal,0,6,1,0,2,0,29.93,66.14,0,0.0088,0.5548,1,2.557,0.1288,1
A602,2025-05-19,normal,0,6,2,0,2,0,33.04,51.6,0,0.1452,0.4212,0,2.7547,0.2484,1
A603,2025-05-19,normal,0,6,3,0,3,0,53.53,80.27,0,0.0378,0.323,0,3.3719,0.0724,1
A604,2025-05-19,normal,0,6,4,0,3,0,50.28,87.74,0,0.1256,0.3834,1,3.3406,0.013,2
A605,2025-05-19,normal,0,6,5,0,4,0,55.52,92.54,0,0.0245,0.1428,0,4.2025,0.0632,1
A101,2025-05-20,normal,0,1,1,0,1,0,36.78,63.38,0,0.0221,0.3744,1,0.9727,0.0021,2
A102,2025-05-20,normal,0,1,2,0,3,0,44.15,49.78,0,0.0274,0.0848,0,3.8465,0.1018,1
A103,2025-05-20,normal,0,1,3,0,2,0,61.51,76.79,0,0.0291,0.4494,0,2.0726,0.1204,1
A104,2025-05-20,normal,0,1,4,0,1,0,65.47,98.14,0,0.1427,0.3085,0,1.1478,0.0,2
A105,2025-05-20,airbnb,1,1,5,0,7,4,23.09,41.63,5,0.7231,0.8214,4,7.8702,0.7214,2
A201,2025-05-20,normal,0,2,1,0,3,0,29.12,56.5,0,0.0997,0.0639,0,2.9433,0.0923,1
A202,2025-05-20,normal,0,2,2,0,2,0,31.73,41.47,0,0.0095,0.5877,0,2.1936,0.0489,1
A203,2025-05-20,airbnb,1,2,3,0,7,5,13.29,31.78,6,0.822,0.5614,2,5.7007,0.9806,1
A204,2025-05-20,normal,0,2,4,0,2,0,33.22,77.39,0,0.0647,0.4176,1,2.5345,0.0318,2
A205,2025-05-20,suspect,1,2,5,0,3,2,26.61,70.26,1,0.432,0.2508,0,3.2878,0.6239,2
A301,2025-05-20,normal,0,3,1,0,4,1,31.64,39.9,0,0.0197,0.3867,0,4.1493,0.0418,1
A302,2025-05-20,normal,0,3,2,0,2,0,50.52,84.57,0,0.0,0.4655,0,2.0396,0.1669,2
A303,2025-05-20,airbnb,1,3,3,0,6,4,23.17,34.64,5,0.914,0.8312,2,7.0373,0.9557,1
A304,2025-05-20,normal,0,3,4,0,1,0,35.44,47.3,0,0.0022,0.2381,0,1.2023,0.0522,2
A305,2025-05-20,suspect,1,3,5,0,4,3,31.17,48.53,2,0.4665,0.6001,0,4.1298,0.5261,1
A401,2025-05-20,normal,0,4,1,0,1,0,49.44,90.69,0,0.102,0.1676,0,0.9869,0.1057,2
A402,2025-05-20,normal,0,4,2,0,1,0,19.49,39.79,0,0.0768,0.1562,0,0.9887,0.0177,1
A403,2025-05-20,airbnb,1,4,3,0,3,2,27.07,50.69,2,0.6033,0.9332,0,2.6846,0.697,3
A404,2025-05-20,normal,0,4,4,0,1,0,69.53,92.21,0,0.0498,0.3259,0,0.9941,0.019,2
A405,2025-05-20,airbnb,1,4,5,0,4,2,4.43,25.67,3,0.7671,0.9415,5,4.5115,0.5847,2
A501,2025-05-20,suspect,1,5,1,0,4,3,42.93,58.7,3,0.6642,0.5173,2,4.7563,0.5231,2
A502,2025-05-20,normal,0,5,2,0,1,0,52.94,62.26,0,0.0815,0.3045,0,1.1188,0.1285,1
A503,2025-05-20,suspect,1,5,3,0,4,1,25.33,66.59,1,0.1901,0.4053,2,3.6742,0.5171,2
A504,2025-05-20,normal,0,5,4,0,2,0,44.35,50.02,0,0.0799,0.0317,0,2.6556,0.0632,1
A505,2025-05-20,airbnb,1,5,5,0,7,6,10.21,22.93,6,0.8779,0.6694,3,8.8997,0.7377,3
A601,2025-05-20,normal,0,6,1,0,2,0,72.3,103.66,0,0.0739,0.4788,0,2.1,0.0662,1
A602,2025-05-20,normal,0,6,2,0,2,0,33.16,68.28,0,0.0079,0.5247,0,2.8142,0.0304,1
A603,2025-05-20,normal,0,6,3,0,2,0,28.1,40.39,0,0.0694,0.1383,0,2.5636,0.0637,1
A604,2025-05-20,normal,0,6,4,0,3,0,38.89,51.55,0,0.0348,0.4871,0,2.682,0.0185,1
A605,2025-05-20,normal,0,6,5,0,1,0,46.83,52.42,0,0.1672,0.4552,0,1.1113,0.0545,1
A101,2025-05-21,normal,0,1,1,0,3,1,64.04,71.05,0,0.0261,0.2633,0,3.3226,0.0929,1
A102,2025-05-21,normal,0,1,2,0,1,0,50.55,60.79,0,0.1807,0.2821,0,1.0647,0.1162,1
A103,2025-05-21,normal,0,1,3,0,3,0,36.85,58.53,0,0.0056,0.431,0,3.1662,0.1217,1
A104,2025-05-21,normal,0,1,4,0,3,1,51.73,91.36,0,0.0457,0.2303,0,3.642,0.1251,2
A105,2025-05-21,airbnb,1,1,5,0,6,4,9.52,33.55,5,0.8409,0.7161,2,6.4884,1.0,4
A201,2025-05-21,normal,0,2,1,0,2,1,37.86,81.88,0,0.0965,0.6709,0,2.2337,0.0127,1
A202,2025-05-21,normal,0,2,2,0,3,1,51.05,60.5,0,0.0293,0.15,0,3.2601,0.14,1
A203,2025-05-21,airbnb,1,2,3,0,4,4,14.5,40.06,3,0.6841,0.7648,0,4.9532,0.8184,3
A204,2025-05-21,normal,0,2,4,0,3,0,40.95,85.56,0,0.059,0.2646,0,3.3358,0.1402,1
A205,2025-05-21,suspect,1,2,5,0,4,2,7.26,12.34,1,0.3595,0.651,1,4.398,0.5325,2
A301,2025-05-21,normal,0,3,1,0,2,0,25.93,46.68,0,0.1129,0.4572,0,2.1175,0.0651,1
A302,2025-05-21,normal,0,3,2,0,2,0,52.78,79.74,0,0.1153,0.2767,1,2.393,0.1656,1
A303,2025-05-21,airbnb,1,3,3,0,5,5,3.03,29.67,4,0.7957,0.6513,2,5.3563,0.7217,4
A304,2025-05-21,normal,0,3,4,0,3,1,31.32,46.99,0,0.0507,0.515,1,3.5215,0.0527,1
A305,2025-05-21,suspect,1,3,5,0,3,2,29.95,52.24,1,0.3601,0.5986,2,3.5152,0.4825,2
A401,2025-05-21,normal,0,4,1,0,3,1,59.59,95.71,0,0.1456,0.2533,0,3.3867,0.2471,1
A402,2025-05-21,normal,0,4,2,0,2,1,26.42,53.7,0,0.0164,0.1456,0,2.045,0.0796,1
A403,2025-05-21,airbnb,1,4,3,0,4,4,10.65,50.75,3,0.7699,0.5925,1,3.8056,0.8995,5
A404,2025-05-21,normal,0,4,4,0,2,0,28.23,56.06,0,0.0728,0.4187,0,2.1487,0.0639,2
A405,2025-05-21,airbnb,1,4,5,0,9,8,13.45,27.83,7,0.7883,0.9525,3,12.595,0.6669,1
A501,2025-05-21,suspect,1,5,1,0,5,2,12.37,29.23,3,0.6229,0.5604,1,5.0362,0.6791,1
A502,2025-05-21,normal,0,5,2,0,1,0,61.01,103.62,0,0.0277,0.3256,0,0.9162,0.0,1
A503,2025-05-21,suspect,1,5,3,0,1,0,18.17,26.28,0,0.1096,0.4545,1,1.2599,0.4338,1
A504,2025-05-21,normal,0,5,4,0,2,0,44.19,63.64,0,0.0371,0.3685,0,1.8731,0.1792,1
A505,2025-05-21,airbnb,1,5,5,0,2,2,16.97,39.68,2,0.8989,0.685,3,2.4533,0.8469,4
A601,2025-05-21,normal,0,6,1,0,2,0,63.99,86.97,0,0.0107,0.7951,0,2.2109,0.1816,1
A602,2025-05-21,normal,0,6,2,0,2,0,43.32,62.78,0,0.0328,0.2121,2,2.5644,0.0922,1
A603,2025-05-21,normal,0,6,3,0,1,0,43.76,57.12,0,0.0,0.3868,1,1.1399,0.2787,2
A604,2025-05-21,normal,0,6,4,0,3,1,26.7,53.04,0,0.091,0.4611,1,3.0343,0.039,1
A605,2025-05-21,normal,0,6,5,0,3,1,30.18,64.14,1,0.2106,0.4397,0,3.7415,0.0556,2
A101,2025-05-22,normal,0,1,1,0,1,0,58.45,94.44,0,0.0417,0.3878,0,1.0746,0.2406,1
A102,2025-05-22,normal,0,1,2,0,2,0,29.79,47.42,0,0.0061,0.3863,0,2.3368,0.158,2
A103,2025-05-22,normal,0,1,3,0,3,0,42.1,69.48,1,0.1905,0.1654,0,3.0418,0.2319,1
A104,2025-05-22,normal,0,1,4,0,2,0,48.77,70.77,1,0.3188,0.1495,0,2.1653,0.0367,1
A105,2025-05-22,airbnb,1,1,5,0,3,2,5.04,29.9,2,0.802,0.6656,0,3.7987,0.9708,2
A201,2025-05-22,normal,0,2,1,0,1,0,41.56,62.58,0,0.0027,0.451,0,1.3014,0.2546,1
A202,2025-05-22,normal,0,2,2,0,3,0,35.48,59.36,0,0.0784,0.6254,0,3.7192,0.0788,1
A203,2025-05-22,airbnb,1,2,3,0,7,6,9.06,24.09,4,0.6387,0.9846,0,9.0635,0.874,5
A204,2025-05-22,normal,0,2,4,0,2,1,41.78,56.5,0,0.0079,0.4221,2,1.9754,0.337,1
A205,2025-05-22,suspect,1,2,5,0,6,4,48.8,57.54,2,0.3472,0.5949,2,6.3143,0.6501,1
A301,2025-05-22,normal,0,3,1,0,2,0,62.37,87.6,0,0.0619,0.4414,0,2.1907,0.2786,2
A302,2025-05-22,normal,0,3,2,0,3,0,77.18,102.79,0,0.1641,0.461,1,2.8598,0.0368,1
A303,2025-05-22,airbnb,1,3,3,0,3,2,12.26,22.66,2,0.706,0.7174,2,2.5716,0.7161,4
A304,2025-05-22,normal,0,3,4,0,4,0,35.93,51.12,1,0.1641,0.1854,0,3.7748,0.0712,1
A305,2025-05-22,suspect,1,3,5,0,4,1,28.48,39.8,1,0.2573,0.8623,1,4.8373,0.6196,3
A401,2025-05-22,normal,0,4,1,0,2,0,45.72,75.88,0,0.0296,0.7335,0,2.3514,0.0593,1
A402,2025-05-22,normal,0,4,2,0,2,1,33.14,75.67,0,0.0018,0.268,0,1.8803,0.0374,1
A403,2025-05-22,airbnb,1,4,3,0,3,2,31.67,74.45,2,0.6451,0.5068,2,2.9405,0.6137,3
A404,2025-05-22,normal,0,4,4,0,2,0,34.61,54.34,0,0.0885,0.491,0,2.1801,0.051,1
A405,2025-05-22,airbnb,1,4,5,0,6,4,14.8,57.2,3,0.4284,0.6854,3,7.3045,0.8584,3
A501,2025-05-22,suspect,1,5,1,0,5,4,32.79,45.23,2,0.3537,0.7061,0,5.9344,0.4234,2
A502,2025-05-22,normal,0,5,2,0,2,1,78.35,116.16,0,0.0507,0.2693,0,1.5708,0.0408,1
A503,2025-05-22,suspect,1,5,3,0,5,2,23.74,54.18,2,0.3064,0.4089,0,6.4879,0.7563,2
A504,2025-05-22,normal,0,5,4,0,3,0,49.03,90.89,0,0.1088,0.7803,0,2.9281,0.1846,1
A505,2025-05-22,airbnb,1,5,5,0,6,4,21.05,55.53,5,0.815,0.5606,1,5.6518,0.5848,5
A601,2025-05-22,normal,0,6,1,0,2,0,18.29,27.63,0,0.0405,0.3599,0,2.1044,0.0213,1
A602,2025-05-22,normal,0,6,2,0,3,0,33.17,67.85,0,0.0238,0.6091,1,2.7407,0.2509,1
A603,2025-05-22,normal,0,6,3,0,4,1,22.03,31.49,0,0.1125,0.0675,0,3.6242,0.0607,1
A604,2025-05-22,normal,0,6,4,0,2,0,33.99,77.78,0,0.0223,0.1738,0,2.3608,0.088,1
A605,2025-05-22,normal,0,6,5,0,3,0,30.27,70.89,1,0.1741,0.1599,0,3.2442,0.0302,1
A101,2025-05-23,normal,0,1,1,1,3,0,53.82,78.02,0,0.0235,0.5843,0,3.3993,0.1004,1
A102,2025-05-23,normal,0,1,2,1,2,0,47.29,72.64,0,0.1168,0.6411,0,2.0838,0.143,1
A103,2025-05-23,normal,0,1,3,1,2,0,25.64,49.21,0,0.0564,0.4319,0,2.3837,0.0,1
A104,2025-05-23,normal,0,1,4,1,1,0,32.78,50.7,0,0.1939,0.1142,0,1.3839,0.1506,1
A105,2025-05-23,airbnb,1,1,5,1,7,6,22.75,53.15,6,0.8831,0.8252,2,7.4907,0.8954,4
A201,2025-05-23,normal,0,2,1,1,3,0,47.79,54.57,0,0.0146,0.3059,0,3.2305,0.2389,1
A202,2025-05-23,normal,0,2,2,1,1,0,42.58,72.69,0,0.0586,0.24,3,1.0926,0.0924,2
A203,2025-05-23,airbnb,1,2,3,1,7,6,12.09,25.04,3,0.4289,0.3245,4,6.7365,1.0,3
A204,2025-05-23,normal,0,2,4,1,1,0,44.39,81.32,0,0.0545,0.0851,0,1.1535,0.0091,1
A205,2025-05-23,suspect,1,2,5,1,9,5,24.38,37.95,1,0.1189,0.2777,1,11.7326,0.417,1
A301,2025-05-23,normal,0,3,1,1,2,1,21.24,29.45,0,0.0263,0.2656,0,2.1274,0.0753,2
A302,2025-05-23,normal,0,3,2,1,3,1,53.4,85.51,0,0.0833,0.3789,0,3.4401,0.1299,2
A303,2025-05-23,airbnb,1,3,3,1,8,7,24.64,64.55,5,0.5947,0.7544,0,8.6888,0.6383,3
A304,2025-05-23,normal,0,3,4,1,3,1,37.26,72.38,0,0.0914,0.117,0,2.8591,0.0356,1
A305,2025-05-23,suspect,1,3,5,1,4,1,27.21,43.87,2,0.4201,0.4581,0,3.9486,0.6256,1
A401,2025-05-23,normal,0,4,1,1,2,1,55.21,69.88,0,0.0896,0.1542,0,2.5383,0.1337,2
A402,2025-05-23,normal,0,4,2,1,3,0,37.01,49.98,0,0.0905,0.4812,0,3.5306,0.1834,1
A403,2025-05-23,airbnb,1,4,3,1,10,4,8.17,27.11,6,0.5772,1.0,3,10.6652,0.8536,2
A404,2025-05-23,normal,0,4,4,1,1,0,42.56,76.01,0,0.0476,0.0788,0,1.2586,0.09,1
A405,2025-05-23,airbnb,1,4,5,1,8,6,11.58,45.2,4,0.4792,0.8177,3,8.7685,0.6607,4
A501,2025-05-23,suspect,1,5,1,1,5,1,20.76,34.89,3,0.5192,0.5715,2,5.771,0.354,2
A502,2025-05-23,normal,0,5,2,1,2,1,39.61,51.76,0,0.0192,0.2183,0,1.9468,0.1806,1
A503,2025-05-23,suspect,1,5,3,1,6,4,32.36,75.85,4,0.6269,0.6525,1,6.2845,0.4794,2
A504,2025-05-23,normal,0,5,4,1,2,0,36.79,46.26,0,0.1698,0.1114,0,2.7379,0.0,2
A505,2025-05-23,airbnb,1,5,5,1,8,5,24.52,39.62,5,0.6623,0.5259,7,7.7134,0.9324,3
A601,2025-05-23,normal,0,6,1,1,3,0,46.96,90.18,0,0.0,0.2133,0,3.329,0.2547,2
A602,2025-05-23,normal,0,6,2,1,3,1,20.39,46.68,0,0.0,0.0764,0,2.8084,0.2058,1
A603,2025-05-23,normal,0,6,3,1,2,0,23.83,43.26,0,0.0309,0.3465,0,2.5585,0.021,1
A604,2025-05-23,normal,0,6,4,1,3,0,39.57,64.99,0,0.0155,0.2426,0,3.1017,0.024,1
A605,2025-05-23,normal,0,6,5,1,1,0,30.47,49.54,0,0.0036,0.208,1,1.1676,0.0068,1
A101,2025-05-24,normal,0,1,1,1,3,0,33.88,48.44,0,0.0594,0.2484,0,3.7271,0.0875,1
A102,2025-05-24,normal,0,1,2,1,1,0,43.9,79.26,0,0.1051,0.1683,0,1.0998,0.0937,1
A103,2025-05-24,normal,0,1,3,1,3,0,14.37,52.42,0,0.0115,0.2714,1,3.2811,0.0965,1
A104,2025-05-24,normal,0,1,4,1,1,0,14.04,26.76,0,0.1016,0.3814,1,0.9642,0.3244,2
A105,2025-05-24,airbnb,1,1,5,1,7,7,21.92,52.85,6,0.8468,0.614,4,7.5422,0.8894,2
A201,2025-05-24,normal,0,2,1,1,2,1,56.73,75.53,0,0.079,0.0357,0,2.4399,0.2063,1
A202,2025-05-24,normal,0,2,2,1,3,0,44.82,51.12,1,0.2312,0.0913,0,2.7911,0.1022,2
A203,2025-05-24,airbnb,1,2,3,1,4,3,14.32,19.59,2,0.435,0.8402,5,4.5723,0.9125,3
A204,2025-05-24,normal,0,2,4,1,2,0,65.68,105.12,0,0.0844,0.0754,0,1.9161,0.0967,2
A205,2025-05-24,suspect,1,2,5,1,4,2,31.15,75.56,0,0.1151,0.7639,2,4.8968,0.3158,1
A301,2025-05-24,normal,0,3,1,1,2,0,40.73,72.98,0,0.0405,0.4553,0,2.0666,0.0967,1
A302,2025-05-24,normal,0,3,2,1,1,0,32.25,39.88,0,0.1311,0.6473,0,1.1332,0.441,2
A303,2025-05-24,airbnb,1,3,3,1,13,11,5.86,21.25,12,0.9605,0.8029,0,13.8116,0.9183,3
A304,2025-05-24,normal,0,3,4,1,2,1,45.8,67.77,0,0.0602,0.2993,0,3.3047,0.0827,2
A305,2025-05-24,suspect,1,3,5,1,4,2,27.79,62.34,2,0.5026,0.5034,1,4.4931,0.9069,1
A401,2025-05-24,normal,0,4,1,1,4,1,43.43,51.57,0,0.0784,0.016,1,4.8308,0.0,1
A402,2025-05-24,normal,0,4,2,1,3,0,38.3,66.13,0,0.1302,0.0978,1,3.3918,0.2782,1
A403,2025-05-24,airbnb,1,4,3,1,11,7,12.9,31.28,7,0.6699,0.5511,1,11.3855,0.7749,1
A404,2025-05-24,normal,0,4,4,1,3,1,50.29,94.48,0,0.0824,0.1378,0,3.2202,0.012,1
A405,2025-05-24,airbnb,1,4,5,1,8,8,19.49,47.54,5,0.6159,0.8238,1,8.0446,0.8915,4
A501,2025-05-24,suspect,1,5,1,1,5,2,16.88,28.75,3,0.614,0.7562,1,5.33,0.3476,2
A502,2025-05-24,normal,0,5,2,1,2,0,30.54,53.13,0,0.068,0.6006,0,2.593,0.0511,1
A503,2025-05-24,suspect,1,5,3,1,3,1,21.2,33.43,2,0.6486,0.6102,3,2.8958,0.3976,1
A504,2025-05-24,normal,0,5,4,1,3,1,37.21,76.43,0,0.0564,0.2174,0,3.0771,0.1556,1
A505,2025-05-24,airbnb,1,5,5,1,7,6,9.06,18.54,5,0.6731,0.6872,2,7.8298,0.8423,2
A601,2025-05-24,normal,0,6,1,1,1,0,60.05,72.02,0,0.0315,0.1237,0,1.0432,0.0862,2
A602,2025-05-24,normal,0,6,2,1,2,0,49.61,90.69,0,0.038,0.0473,0,2.1324,0.0421,1
A603,2025-05-24,normal,0,6,3,1,2,1,45.32,89.66,1,0.2672,0.3519,0,2.3475,0.0156,1
A604,2025-05-24,normal,0,6,4,1,3,0,72.05,111.77,0,0.0358,0.3305,0,2.5581,0.0835,1
A605,2025-05-24,normal,0,6,5,1,2,0,42.76,80.59,0,0.0787,0.1135,0,2.4462,0.3033,1
A101,2025-05-25,normal,0,1,1,1,2,1,43.51,77.63,0,0.048,0.1281,0,2.2147,0.282,1
A102,2025-05-25,normal,0,1,2,1,2,0,34.51,57.26,0,0.0269,0.1682,0,2.2336,0.0615,1
A103,2025-05-25,normal,0,1,3,1,3,0,23.52,50.61,1,0.2182,0.1193,1,3.4478,0.041,1
A104,2025-05-25,normal,0,1,4,1,3,1,61.16,74.96,0,0.0302,0.3193,0,3.5415,0.0723,1
A105,2025-05-25,airbnb,1,1,5,1,9,8,18.63,50.93,5,0.5322,0.7334,3,9.8876,0.8669,2
A201,2025-05-25,normal,0,2,1,1,1,0,41.29,53.22,0,0.1894,0.4892,1,1.4041,0.0763,1
A202,2025-05-25,normal,0,2,2,1,2,0,24.09,46.75,0,0.1368,0.1422,0,2.0575,0.0914,1
A203,2025-05-25,airbnb,1,2,3,1,12,10,16.3,60.2,8,0.6821,0.7376,1,13.2534,1.0,4
A204,2025-05-25,normal,0,2,4,1,3,0,31.82,58.04,0,0.078,0.5084,0,3.6719,0.0403,1
A205,2025-05-25,suspect,1,2,5,1,6,2,23.04,34.18,2,0.4154,0.2428,2,5.437,0.9607,2
A301,2025-05-25,normal,0,3,1,1,3,0,55.31,72.18,0,0.0707,0.282,0,3.6544,0.0414,1
A302,2025-05-25,normal,0,3,2,1,2,0,62.65,99.42,0,0.0828,0.2374,0,1.182,0.0341,2
A303,2025-05-25,airbnb,1,3,3,1,9,6,26.4,34.58,5,0.5902,0.9376,5,8.6795,0.9272,1
A304,2025-05-25,normal,0,3,4,1,2,0,11.6,32.53,0,0.1774,0.1885,0,1.7181,0.0204,1
A305,2025-05-25,suspect,1,3,5,1,1,0,17.91,34.28,0,0.2491,0.7936,0,1.0668,0.4767,2
A401,2025-05-25,normal,0,4,1,1,4,0,31.93,44.56,0,0.0051,0.0371,0,3.5592,0.1921,2
A402,2025-05-25,normal,0,4,2,1,3,0,49.33,74.63,0,0.0389,0.2288,2,2.9315,0.2044,1
A403,2025-05-25,airbnb,1,4,3,1,8,6,10.54,53.56,5,0.6284,0.8328,0,8.1546,0.934,2
A404,2025-05-25,normal,0,4,4,1,2,0,11.2,46.76,0,0.1311,0.16,0,2.2148,0.1169,1
A405,2025-05-25,airbnb,1,4,5,1,8,8,14.9,33.95,4,0.4655,1.0,1,9.6918,0.7885,6
A501,2025-05-25,suspect,1,5,1,1,4,1,24.97,50.67,3,0.642,0.1148,1,4.7077,0.6645,2
A502,2025-05-25,normal,0,5,2,1,2,0,49.97,92.98,0,0.077,0.1178,0,2.468,0.0086,2
A503,2025-05-25,suspect,1,5,3,1,4,2,4.64,20.38,1,0.3307,0.5419,2,4.1302,0.4056,1
A504,2025-05-25,normal,0,5,4,1,2,0,15.27,43.67,0,0.1261,0.4639,1,2.1626,0.0456,1
A505,2025-05-25,airbnb,1,5,5,1,10,8,25.8,53.08,6,0.6247,0.504,4,9.3828,0.6839,2
A601,2025-05-25,normal,0,6,1,1,2,0,31.56,67.6,0,0.0151,0.4151,0,2.2648,0.0061,1
A602,2025-05-25,normal,0,6,2,1,2,1,47.41,76.48,0,0.032,0.3476,0,1.8562,0.0754,1
A603,2025-05-25,normal,0,6,3,1,2,0,24.11,38.31,0,0.0457,0.4128,0,2.0795,0.0884,1
A604,2025-05-25,normal,0,6,4,1,2,1,40.94,74.68,0,0.0956,0.5083,1,2.5252,0.0122,1
A605,2025-05-25,normal,0,6,5,1,3,0,52.05,67.3,0,0.0148,0.3961,0,2.843,0.2763,1
A101,2025-05-26,normal,0,1,1,0,1,0,52.57,83.39,0,0.0066,0.3297,0,1.1307,0.0763,1
A102,2025-05-26,normal,0,1,2,0,2,1,25.16,59.49,0,0.0059,0.5039,0,2.1083,0.1489,1
A103,2025-05-26,normal,0,1,3,0,1,0,47.65,72.64,0,0.0374,0.6232,0,1.2349,0.0635,1
A104,2025-05-26,normal,0,1,4,0,2,0,50.67,88.82,0,0.0764,0.2522,0,1.9406,0.0164,1
A105,2025-05-26,airbnb,1,1,5,0,4,3,20.02,33.54,4,1.0,0.5846,0,5.0932,0.717,3
A201,2025-05-26,normal,0,2,1,0,1,0,33.14,71.09,0,0.0132,0.2287,0,1.0303,0.0212,1
A202,2025-05-26,normal,0,2,2,0,2,0,32.39,70.5,0,0.0144,0.2826,0,2.3129,0.0355,2
A203,2025-05-26,airbnb,1,2,3,0,5,2,14.56,53.42,2,0.4432,0.5269,2,4.8511,1.0,4
A204,2025-05-26,normal,0,2,4,0,2,0,54.11,63.66,0,0.0894,0.426,0,2.0291,0.1187,1
A205,2025-05-26,suspect,1,2,5,0,6,1,34.36,46.68,4,0.6518,0.3229,2,6.9155,0.5478,2
A301,2025-05-26,normal,0,3,1,0,2,0,44.15,55.19,0,0.1161,0.1015,0,2.1304,0.0409,1
A302,2025-05-26,normal,0,3,2,0,1,0,42.36,68.91,0,0.0,0.3714,0,1.2724,0.1006,2
A303,2025-05-26,airbnb,1,3,3,0,6,5,12.18,43.17,3,0.5761,0.8104,1,5.9196,0.9024,3
A304,2025-05-26,normal,0,3,4,0,4,1,29.22,69.94,0,0.0092,0.2709,0,5.2986,0.0804,1
A305,2025-05-26,suspect,1,3,5,0,2,1,31.66,73.4,1,0.5245,0.4354,2,1.9974,0.7059,4
A401,2025-05-26,normal,0,4,1,0,2,0,38.42,53.53,0,0.0353,0.3423,0,1.9671,0.0997,1
A402,2025-05-26,normal,0,4,2,0,2,1,58.55,95.55,0,0.1062,0.0668,1,2.2306,0.0036,1
A403,2025-05-26,airbnb,1,4,3,0,3,3,18.88,31.61,2,0.6212,0.6668,1,3.171,0.8622,5
A404,2025-05-26,normal,0,4,4,0,2,0,34.03,42.87,0,0.0507,0.0916,0,2.161,0.0558,1
A405,2025-05-26,airbnb,1,4,5,0,1,1,11.83,19.6,1,0.7084,0.4732,2,1.0224,0.9974,2
A501,2025-05-26,suspect,1,5,1,0,2,1,28.99,66.08,0,0.113,0.5733,0,2.0244,0.7669,2
A502,2025-05-26,normal,0,5,2,0,3,0,55.94,82.4,0,0.109,0.1767,0,3.4962,0.0643,2
A503,2025-05-26,suspect,1,5,3,0,4,2,24.84,31.65,2,0.5898,0.5632,0,4.5577,0.6697,1
A504,2025-05-26,normal,0,5,4,0,1,0,56.9,78.52,0,0.0302,0.3823,1,1.1354,0.0255,1
A505,2025-05-26,airbnb,1,5,5,0,4,4,13.68,45.54,2,0.589,0.9724,3,3.7774,0.6421,2
A601,2025-05-26,normal,0,6,1,0,2,0,42.77,74.34,0,0.0921,0.6764,0,1.8941,0.2549,1
A602,2025-05-26,normal,0,6,2,0,1,0,25.85,43.81,0,0.0437,0.5361,0,1.1002,0.0861,1
A603,2025-05-26,normal,0,6,3,0,3,1,38.5,44.59,0,0.0046,0.164,0,3.3057,0.1717,1
A604,2025-05-26,normal,0,6,4,0,3,1,26.15,47.76,0,0.0384,0.6429,1,2.5899,0.0377,1
A605,2025-05-26,normal,0,6,5,0,2,0,71.79,101.04,0,0.0746,0.2212,0,2.3765,0.0055,2
A101,2025-05-27,normal,0,1,1,0,3,0,41.7,76.32,0,0.1098,0.2017,0,2.9792,0.2754,1
A102,2025-05-27,normal,0,1,2,0,2,0,36.56,78.12,0,0.142,0.1796,0,1.9719,0.1629,2
A103,2025-05-27,normal,0,1,3,0,3,0,49.15,78.09,0,0.0396,0.4608,0,3.3768,0.1404,1
A104,2025-05-27,normal,0,1,4,0,2,0,54.88,85.81,0,0.0484,0.4503,0,1.8892,0.0206,1
A105,2025-05-27,airbnb,1,1,5,0,5,1,7.78,29.14,3,0.6079,0.8909,1,5.9848,0.2932,1
A201,2025-05-27,normal,0,2,1,0,1,0,38.24,65.25,0,0.1992,0.496,0,1.0238,0.0428,2
A202,2025-05-27,normal,0,2,2,0,3,0,58.4,102.71,0,0.0172,0.241,1,3.1924,0.0937,2
A203,2025-05-27,airbnb,1,2,3,0,7,4,20.82,50.08,4,0.5151,0.7641,2,9.1089,0.966,2
A204,2025-05-27,normal,0,2,4,0,2,0,82.13,104.92,0,0.0742,0.5174,0,2.1599,0.1399,1
A205,2025-05-27,suspect,1,2,5,0,5,2,34.77,45.23,2,0.4123,0.8762,0,4.709,0.7373,1
A301,2025-05-27,normal,0,3,1,0,2,0,37.72,54.09,0,0.0795,0.3429,0,2.1972,0.038,1
A302,2025-05-27,normal,0,3,2,0,2,0,37.44,74.94,0,0.0394,0.3546,0,2.1131,0.1245,2
A303,2025-05-27,airbnb,1,3,3,0,7,3,34.26,62.93,6,0.9001,0.7481,1,9.3358,0.6517,2
A304,2025-05-27,normal,0,3,4,0,3,1,72.44,88.96,0,0.1146,0.9484,0,3.4508,0.0581,2
A305,2025-05-27,suspect,1,3,5,0,4,1,20.8,61.81,1,0.1604,0.4161,2,3.5813,0.5826,1
A401,2025-05-27,normal,0,4,1,0,3,1,32.93,76.87,0,0.16,0.4135,0,3.5309,0.0443,1
A402,2025-05-27,normal,0,4,2,0,3,0,41.74,52.59,0,0.0299,0.0661,0,3.4581,0.0279,1
A403,2025-05-27,airbnb,1,4,3,0,8,7,22.92,67.78,7,0.8821,0.4327,3,9.1815,0.7393,5
A404,2025-05-27,normal,0,4,4,0,2,0,30.66,55.52,1,0.2774,0.2199,0,2.3958,0.2434,2
A405,2025-05-27,airbnb,1,4,5,0,5,5,10.09,21.5,2,0.4186,0.8167,3,5.1163,0.5873,4
A501,2025-05-27,suspect,1,5,1,0,5,4,37.66,60.41,1,0.2226,0.4351,0,5.824,0.6847,1
A502,2025-05-27,normal,0,5,2,0,3,0,36.15,49.64,0,0.1419,0.5763,0,3.4919,0.1287,2
A503,2025-05-27,suspect,1,5,3,0,4,3,29.45,48.1,1,0.3673,0.3727,0,4.451,0.2586,3
A504,2025-05-27,normal,0,5,4,0,2,0,39.01,60.76,0,0.015,0.1901,0,2.1317,0.1216,1
A505,2025-05-27,airbnb,1,5,5,0,5,4,15.77,56.38,4,0.8198,0.8545,1,5.6016,0.832,4
A601,2025-05-27,normal,0,6,1,0,1,0,35.09,54.37,0,0.1657,0.3474,0,1.1746,0.1387,1
A602,2025-05-27,normal,0,6,2,0,3,1,31.58,74.93,0,0.0256,0.3653,0,3.2709,0.039,2
A603,2025-05-27,normal,0,6,3,0,2,1,35.55,66.0,0,0.0372,0.2677,0,2.5017,0.0562,1
A604,2025-05-27,normal,0,6,4,0,2,1,67.65,103.32,0,0.0511,0.2372,1,2.317,0.0911,1
A605,2025-05-27,normal,0,6,5,0,2,1,33.22,61.48,0,0.01,0.3057,1,1.9076,0.0784,1
A101,2025-05-28,normal,0,1,1,0,3,0,24.04,61.89,0,0.0,0.0191,0,3.062,0.1291,2
A102,2025-05-28,normal,0,1,2,0,3,0,46.22,80.76,1,0.3553,0.0823,0,3.3836,0.0108,1
A103,2025-05-28,normal,0,1,3,0,2,0,38.71,74.07,0,0.0606,0.161,0,2.3468,0.0,1
A104,2025-05-28,normal,0,1,4,0,1,0,36.69,57.67,0,0.016,0.1303,0,1.0432,0.1528,1
A105,2025-05-28,airbnb,1,1,5,0,2,2,12.56,53.11,1,0.4798,0.6708,1,2.2002,0.6983,4
A201,2025-05-28,normal,0,2,1,0,2,0,48.74,83.33,0,0.0276,0.0,1,1.7937,0.1141,1
A202,2025-05-28,normal,0,2,2,0,2,0,25.49,68.64,0,0.0554,0.3111,0,2.2388,0.0075,1
A203,2025-05-28,airbnb,1,2,3,0,4,2,22.64,47.98,3,0.7994,0.8219,0,4.955,0.8952,4
A204,2025-05-28,normal,0,2,4,0,1,0,18.65,33.26,0,0.0468,0.6226,0,1.1004,0.0575,1
A205,2025-05-28,suspect,1,2,5,0,3,1,18.42,55.56,1,0.4207,0.2832,0,3.1416,0.7775,3
A301,2025-05-28,normal,0,3,1,0,3,1,26.35,56.57,0,0.0,0.2012,0,3.3619,0.0458,1
A302,2025-05-28,normal,0,3,2,0,2,0,39.06,62.06,0,0.0,0.2975,0,2.7552,0.0542,1
A303,2025-05-28,airbnb,1,3,3,0,6,4,23.81,34.98,4,0.7009,0.9181,2,6.0942,0.6372,4
A304,2025-05-28,normal,0,3,4,0,3,1,50.41,66.64,0,0.0381,0.0968,0,3.399,0.0268,1
A305,2025-05-28,suspect,1,3,5,0,6,3,45.36,86.84,3,0.4596,0.3516,1,5.9445,0.4855,1
A401,2025-05-28,normal,0,4,1,0,3,0,34.36,72.72,0,0.0444,0.232,0,3.2554,0.025,2
A402,2025-05-28,normal,0,4,2,0,2,0,42.17,52.55,0,0.0468,0.6147,0,1.9991,0.0429,1
A403,2025-05-28,airbnb,1,4,3,0,5,4,30.27,60.9,3,0.5486,0.8675,0,5.4511,0.8406,4
A404,2025-05-28,normal,0,4,4,0,2,0,30.34,50.8,0,0.0428,0.2345,0,2.0461,0.3935,1
A405,2025-05-28,airbnb,1,4,5,0,4,3,28.42,54.12,3,0.6659,0.7687,1,4.3959,0.7686,4
A501,2025-05-28,suspect,1,5,1,0,2,2,32.38,42.12,1,0.4321,0.4262,0,2.5234,0.4934,2
A502,2025-05-28,normal,0,5,2,0,3,0,9.35,28.04,0,0.0841,0.3124,0,3.1422,0.0346,1
A503,2025-05-28,suspect,1,5,3,0,4,2,25.78,65.46,1,0.247,0.5758,1,4.2293,0.7514,2
A504,2025-05-28,normal,0,5,4,0,2,1,47.57,66.7,0,0.0343,0.3182,0,2.279,0.1648,1
A505,2025-05-28,airbnb,1,5,5,0,4,3,11.16,35.04,4,1.0,0.6895,5,4.0865,0.5457,3
A601,2025-05-28,normal,0,6,1,0,1,0,71.8,101.69,0,0.0047,0.3129,0,1.1131,0.1076,1
A602,2025-05-28,normal,0,6,2,0,3,1,35.62,40.64,0,0.018,0.4995,1,3.3442,0.317,1
A603,2025-05-28,normal,0,6,3,0,3,0,50.28,93.9,0,0.092,0.0768,0,3.0945,0.0249,1
A604,2025-05-28,normal,0,6,4,0,2,0,37.6,44.66,0,0.0,0.3943,0,1.9997,0.188,1
A605,2025-05-28,normal,0,6,5,0,2,0,40.04,64.75,0,0.1548,0.3922,0,2.2615,0.0284,2
A101,2025-05-29,normal,0,1,1,0,3,0,27.51,62.04,0,0.0184,0.4041,0,2.854,0.0505,1
A102,2025-05-29,normal,0,1,2,0,2,0,49.12,85.67,0,0.1607,0.344,0,2.1433,0.0473,1
A103,2025-05-29,normal,0,1,3,0,1,0,52.84,75.16,0,0.0164,0.3098,1,1.0492,0.2877,2
A104,2025-05-29,normal,0,1,4,0,3,1,50.84,74.61,0,0.0596,0.2102,0,3.4583,0.1792,1
A105,2025-05-29,airbnb,1,1,5,0,2,2,13.15,30.93,1,0.6887,0.6197,1,1.866,0.743,3
A201,2025-05-29,normal,0,2,1,0,2,0,67.56,75.18,0,0.0504,0.2385,0,2.4889,0.0089,2
A202,2025-05-29,normal,0,2,2,0,2,0,44.14,60.24,0,0.0751,0.1719,0,2.0781,0.3795,1
A203,2025-05-29,airbnb,1,2,3,0,6,6,22.02,46.9,4,0.6603,0.7904,0,7.1139,0.9692,2
A204,2025-05-29,normal,0,2,4,0,1,0,34.19,57.08,0,0.077,0.1752,1,0.9775,0.2258,1
A205,2025-05-29,suspect,1,2,5,0,6,3,37.11,73.96,3,0.5147,0.5821,1,6.4792,0.3982,1
A301,2025-05-29,normal,0,3,1,0,2,0,32.02,41.24,0,0.0566,0.2698,0,2.3984,0.1643,1
A302,2025-05-29,normal,0,3,2,0,2,1,54.52,65.0,0,0.1143,0.0736,0,2.6356,0.2771,1
A303,2025-05-29,airbnb,1,3,3,0,6,5,9.16,34.14,3,0.4348,0.6997,2,6.6064,0.6477,5
A304,2025-05-29,normal,0,3,4,0,2,0,44.74,84.67,0,0.0492,0.4009,0,2.2778,0.3386,1
A305,2025-05-29,suspect,1,3,5,0,4,3,15.29,23.39,1,0.2241,0.7795,1,5.4758,0.4853,1
A401,2025-05-29,normal,0,4,1,0,3,0,37.32,74.75,0,0.0958,0.1639,0,3.7091,0.1502,2
A402,2025-05-29,normal,0,4,2,0,2,0,40.25,68.28,0,0.0307,0.1383,0,2.5598,0.0694,2
A403,2025-05-29,airbnb,1,4,3,0,7,5,25.97,65.99,5,0.6958,0.7128,2,7.1172,0.5991,3
A404,2025-05-29,normal,0,4,4,0,1,0,53.81,63.18,0,0.1594,0.0908,0,1.1906,0.1929,1
A405,2025-05-29,airbnb,1,4,5,0,5,2,9.21,28.31,2,0.4275,0.6259,0,5.7268,0.5705,2
A501,2025-05-29,suspect,1,5,1,0,4,3,46.32,69.95,3,0.8233,0.798,0,5.1031,0.6218,2
A502,2025-05-29,normal,0,5,2,0,1,0,53.84,95.19,0,0.0076,0.2461,0,0.9557,0.0449,1
A503,2025-05-29,suspect,1,5,3,0,4,3,33.23,39.86,1,0.2812,0.7246,2,4.5294,0.5143,2
A504,2025-05-29,normal,0,5,4,0,2,0,45.8,64.41,0,0.0437,0.2011,0,2.0729,0.0317,1
A505,2025-05-29,airbnb,1,5,5,0,8,6,20.07,32.3,2,0.2967,0.5707,1,8.9345,0.7419,4
A601,2025-05-29,normal,0,6,1,0,2,1,69.35,97.52,0,0.0266,0.4177,0,2.6572,0.0421,1
A602,2025-05-29,normal,0,6,2,0,3,1,60.11,70.66,0,0.0617,0.0871,0,3.4657,0.0889,2
A603,2025-05-29,normal,0,6,3,0,3,1,38.95,82.46,1,0.2256,0.5937,0,2.849,0.1211,1
A604,2025-05-29,normal,0,6,4,0,3,1,36.06,72.38,1,0.1683,0.1676,0,2.4948,0.2078,1
A605,2025-05-29,normal,0,6,5,0,1,0,55.92,97.5,0,0.0129,0.1399,1,1.0536,0.0108,1
A101,2025-05-30,normal,0,1,1,1,2,1,38.51,77.32,0,0.0303,0.0918,0,1.87,0.4049,1
A102,2025-05-30,normal,0,1,2,1,3,0,46.79,53.43,0,0.0231,0.6636,0,3.0492,0.1289,1
A103,2025-05-30,normal,0,1,3,1,2,0,15.34,29.44,0,0.0631,0.4345,0,2.2106,0.0581,1
A104,2025-05-30,normal,0,1,4,1,2,1,34.41,48.38,0,0.0136,0.4542,0,2.1426,0.0362,1
A105,2025-05-30,airbnb,1,1,5,1,8,5,9.73,47.62,6,0.7003,0.802,4,7.3369,0.7616,5
A201,2025-05-30,normal,0,2,1,1,2,0,52.78,87.54,0,0.0287,0.2356,0,2.1391,0.0,1
A202,2025-05-30,normal,0,2,2,1,2,0,41.04,71.13,0,0.1678,0.2403,0,1.8711,0.0614,1
A203,2025-05-30,airbnb,1,2,3,1,4,3,19.53,28.72,2,0.6171,1.0,0,4.4063,0.9503,2
A204,2025-05-30,normal,0,2,4,1,1,0,26.65,62.81,0,0.0672,0.3472,0,0.9066,0.0314,1
A205,2025-05-30,suspect,1,2,5,1,2,0,24.06,65.01,1,0.3058,0.4982,0,2.5918,0.6731,1
A301,2025-05-30,normal,0,3,1,1,2,0,45.66,64.68,0,0.0163,0.1722,0,1.9023,0.2757,1
A302,2025-05-30,normal,0,3,2,1,2,0,67.37,99.43,0,0.003,0.1732,0,2.5863,0.1471,1
A303,2025-05-30,airbnb,1,3,3,1,8,7,10.95,29.86,4,0.501,1.0,1,7.9903,0.7274,3
A304,2025-05-30,normal,0,3,4,1,2,0,60.03,81.08,0,0.0,0.1301,0,2.4616,0.2025,2
A305,2025-05-30,suspect,1,3,5,1,1,0,28.89,65.34,0,0.3102,0.4984,1,1.1407,0.6534,2
A401,2025-05-30,normal,0,4,1,1,2,1,41.33,61.63,0,0.0348,0.1589,0,1.912,0.0295,1
A402,2025-05-30,normal,0,4,2,1,2,1,75.51,87.57,0,0.0551,0.5201,0,2.1368,0.1099,1
A403,2025-05-30,airbnb,1,4,3,1,6,6,8.69,34.63,5,0.8313,0.5286,2,7.6595,0.6147,3
A404,2025-05-30,normal,0,4,4,1,1,0,34.13,52.46,0,0.0915,0.1125,0,1.0186,0.261,2
A405,2025-05-30,airbnb,1,4,5,1,8,6,15.76,42.37,7,0.8806,0.4532,0,8.519,0.9969,2
A501,2025-05-30,suspect,1,5,1,1,3,2,25.12,57.35,0,0.1604,0.7597,0,3.2354,0.7651,2
A502,2025-05-30,normal,0,5,2,1,1,0,63.71,98.47,0,0.0208,0.2295,0,0.9068,0.1917,2
A503,2025-05-30,suspect,1,5,3,1,4,3,30.28,74.78,1,0.1897,0.6483,0,4.5635,0.2953,3
A504,2025-05-30,normal,0,5,4,1,3,1,42.54,66.08,0,0.0061,0.1388,1,3.1293,0.4576,1
A505,2025-05-30,airbnb,1,5,5,1,6,3,12.41,51.6,4,0.7302,1.0,1,5.9937,1.0,5
A601,2025-05-30,normal,0,6,1,1,1,0,53.18,89.61,0,0.013,0.1703,1,1.123,0.1639,1
A602,2025-05-30,normal,0,6,2,1,1,0,44.51,77.38,0,0.0642,0.2618,1,1.2617,0.3115,1
A603,2025-05-30,normal,0,6,3,1,3,0,50.84,93.79,0,0.1476,0.4358,0,3.1032,0.1305,1
A604,2025-05-30,normal,0,6,4,1,2,0,75.48,106.29,0,0.0154,0.2757,0,2.091,0.1406,1
A605,2025-05-30,normal,0,6,5,1,2,1,47.12,89.8,0,0.0247,0.2639,0,2.4737,0.1236,1
